Id,Label
37/1873,Zhen Ma
256/0672,Behzad Boloukian
23/1758,Faramarz Safi-Esfahani
183/0347,Mehbob Ali
140/0859,Abid Sarwar
64/6125,Vinod Sharma
183/0341,Jyotsna Suri
21/10569,Chris G. Antonopoulos
233/9371,Ezequiel Bianco-Martinez
22/1425,Murilo S. Baptista
29/137,Luiz Pessoa
173/8066,Luis A. Vázquez
79/1276-3,Francisco Jurado 0003
14/1249,Carlos E. Castañeda
29/319,Alma Y. Alanis
200/5849,Serpil Ustebay
179/8395,Zeynep Turgut
10/569,M. Ali Aydin
24/2319,Igor V. Tetko
79/2621,Vera Kurková
248/5551,Pavel Karpov
t/FabianJTheis,Fabian J. Theis
252/5843,Alison Jenkins
252/5647,Vinika Gupta
252/5880,Mary Lenoir
214/1331,A. K. Deklel
214/1269,A. M. Hamdy
116/2999,Elsayed M. Saad
217/2684,F. M. Gafarov
230/0369,Taishi Iwasaki
49/5462,Hideitsu Hino
92/4211,Masami Tatsuno
81/2408,Shotaro Akaho
88/822,Noboru Murata
55/6253-1,Bing Chen 0001
83/6792,Huaguang Zhang
03/3890-4,Xiaoping Liu 0004
72/4213,Chong Lin
81/6685-8,Wei Huang 0008
24/2718,Sung-Kwun Oh
p/WitoldPedrycz,Witold Pedrycz
22/1805-9,Ying Li 0009
209/7376,Maryam Shafaei
94/2575,Özgür Kisi
44/6416,Esteban J. Palomo
55/5795,Ezequiel López-Rubio
23/3287,Yi-Fei Pu
63/1807-1,Zhang Yi 0001
79/1420,Jiliu Zhou
44/3507,José García Rodríguez
25/1735,Alexandra Psarrou
24/2147,Andrew Lewis
79/6988,Anastassia Angelopoulou
61/4009,Miguel Cazorla
69/2253,Mahmood Amiri
02/2544,Alexander Woodward
49/5637,Tom Froese
04/5508,Takashi Ikegami
91/1037,Shiping Wen
85/1640,Zhigang Zeng
24/647,Tingwen Huang
65/4875,Qinggang Meng
72/4065,Wei Yao
95/3377,José Luis Rosselló
10/5695,Vicent Canals
56/4401-2,Antoni Oliver 0002
26/6480,Antoni Morro
74/3395,Hongjiang Song
65/4423,Chen Chen
153/6056,Meng-Wei Lin
153/5886,Kaijun Li
12/6129,Jennifer Blain Christen
141/9730,Amal Kant
141/9675,Pranmohan K. Suman
128/4845,Brijesh Kumar Giri
02/8036,Mukesh Tiwari
141/9677,Chandranath Chatterjee
141/9646,Purna C. Nayak
141/9611,Sawan Kumar
96/630,John MacIntyre
92/8836,Sandeep Pande
00/1457,Fearghal Morgan
83/9736,Seamus Cawley
66/10859,Tom M. Bruintjes
s/GerardJMSmit,Gerard J. M. Smit
09/402,Brian McGinley
02/752,Snaider Carrillo
81/6902,Jim Harkin
m/LiamMcDaid,Liam McDaid
30/8366,Iahn Cajigas
67/4912,Lakshminarayan Srinivasan
09/6631,Jean-Philippe Thivierge
08/3144,Ali A. Minai
s/HavaTSiegelmann,Hava T. Siegelmann
84/6337,Cesare Alippi
87/7031,Michael Georgiopoulos
120/2654,Sjoerd van den Dries
57/2565,Marco A. Wiering
74/1336,Yunong Zhang
56/5094,Chenfu Yi
34/9180,Dongsheng Guo
89/9180,Jinhuan Zheng
46/4502,R. Wang
71/6463,Z. Zhang
12/9843,J. Qu
81/2557,J. Cao
98/4025,Lin Xiao
89/2278,Meiqin Liu
48/4143,Olivier D. Faugeras
48/7229,Romain Veltz
89/3847,François Grimbert
49/3794,Jaerock Kwon
81/4331,Yoonsuck Choe
82/1080,Hirotaka Inoue
38/3872,Thomas Doensig Jorgensen
33/4078,Barry P. Haynes
60/2808,Charlotte C. F. Norlund
33/3377,Yoshiyuki Asai
02/7007,Apratim Guha
30/5697,Alessandro E. P. Villa
28/369,Maria Marinaro
85/4472,Silvia Scarpetta
81/4753,Yoko Yamaguchi
57/3737,Vladimir M. Krasnopolsky
24/2251,Rudolph van der Merwe
82/4320,Todd K. Leen
33/3562,Zhengdong Lu
69/711,Sergey Frolov
91/4457,António M. Baptista
15/3284,Alex Leng Phuan Tay
83/5255,Jacek M. Zurada
58/743,Lai-Ping Wong
73/1149,Jian Xu
68/1792,Gang Leng
02/622,Girijesh Prasad
m/TMartinMcGinnity,T. Martin McGinnity
02/9897,Diego G. Loyola
62/6467,Ioannis G. Tsoulos
13/991,Isaac E. Lagaris
04/6911,Aristidis Likas
02/5722,Nguyen Hoang Viet
78/4444,Jacek Mandziuk
09/6601,Zhaozhi Zhang
95/1554,Xiaomin Ma
33/5774,Yixian Yang
88/4427,Panayiota Poirazi
83/4849,Costas Neocleous
40/2745,Constantinos S. Pattichis
89/4055,Christos Schizas
83/814,Antonino Santos
99/492,Bernardino Arcay Varela
29/2451,Julian Dorado
11/2762,A. B. Rodríguez
48/6925,Alejandro Pazos
59/2790,Ren Jie Kuo
17/4515,P. C. Wu
61/3069,C. P. Wang
67/3565,Radu Dogaru
53/2396,Pedro Julián
03/689,Leon O. Chua
g/ManfredGlesner,Manfred Glesner
25/6312,Athanasios Margaris
04/5177,Manos Roumeliotis
48/6531,Miltiades Adamopoulos
03/3914,Stefan Wermter
52/6277,Anastasios D. Doulamis
68/4000,Nikolaos D. Doulamis
k/StefanosDKollias,Stefanos D. Kollias
75/1692,Kazuyoshi Tsutsumi
73/5388,Deepak Shukla
35/7027,Darren M. Dawson
93/170,Frank W. Paul
95/2429,Dietmar Heinke
69/1370,Fred H. Hamker
12/4193,Vasant Dhar
74/3810,N. Sbirrazzuoli
24/4369,D. Brunnel
c/HubertYChan,Hubert Y. Chan 0001
69/2013,Stanislaw H. Zak
38/6444,Gopathy Purushothaman
10/3183,Nicolaos B. Karayiannis
34/5942,Hyo-Gyu Kim
85/6503,Se-Young Oh
47/3188,Yonghong Tan
55/1431,Achiel R. Van Cauwenberghe
80/5269,D. H. Rao
05/5219,Madan M. Gupta
58/257,Peter N. Nikiforuk
24/1735,Alex M. Andrew
14/5256,John A. Hertz
03/1897,Troels W. Kjær
29/3690,Emad N. Eskandar
06/322,Barry J. Richmond
157/6135,A. E. Busch
157/6149,L. E. H. Trainor
90/3500,Fagui Liu
228/1976,Jingzhong Zheng
252/7120,Lailei Zheng
10/217-14,Cheng Chen 0014
228/8601,Mohammed Al-Maitah
76/10580,Md. Zahangir Alom
170/0770,Mahmudul Hasan
83/10067,Chris Yakopcic
74/2526,Tarek M. Taha
71/3518,Vijayan K. Asari
150/1320,Torki A. Altameem
31/3270,Angel Álvarez-Arenal
204/9574,Héctor deLlanos-Lanchares
50/9132,Elena Martín Fernández
204/9685,Mario Mauvezin-Quevedo
195/4660,María Luisa Sánchez Rodríguez
55/4449,Francisco Javier de Cos Juez
256/7513,Ahmad Azharuddin Azhari Mohd Amiruddin
20/8337,Haslinda Zabiri
256/7443,Syed Ali Ammar Taqvi
160/9155,Lemma Dendena Tufa
35/5426,Chaouki Aouiti
228/2388,Farah Dridi
151/0865,Alejandro Baldominos
18/2696,Yago Saez
v/PedroIsasiVinuela,Pedro Isasi
80/5657,Joseph Constantin
42/3619,André Bigand
131/3227,Ibtissam Constantin
258/6360,Sarita Das
86/3289,Debi Prasad Das
258/6345,Chinmaya Kumar Sarangi
258/6472,Bhagyadhar Bhoi
06/9875,Monika Dörfler
09/6775,Thomas Grill
202/1757,Roswitha Bammer
95/4897,Arthur Flexer
33/8436,D. Jude Hemanth
79/7409,Omer Deperlioglu
15/9596,Utku Kose
53/5490,Ping Hu
200/8390,Ivan Kiskin
133/2009,Davide Zilli
82/3013,Yunpeng Li
200/8935,Marianne Sinka
163/2191,Kathy Willis
64/1485,Stephen J. Roberts
204/9756,Juan Enrique Sánchez Lasheras
204/9777,Carmen González-Donquiles
01/325,Paulino José García Nieto
258/6560,José Juan Jiménez Moleon
147/5548,Dolores Salas-Trejo
195/4656,Sergio Luis Suárez Gómez
258/6305,Antonio J. Molina de la Torre
258/6807,Joaquín González-Nuevo
220/9805,Laura Bonavera
178/9445,Jorge Carballido-Landeira
93/7511,Kin Wah Edward Lin
232/1661,Balamurali B. T.
232/2203,Enyan Koh
88/7595,Simon Lui
132/1691,Dorien Herremans
189/9729,Andre Loechte
256/7384,Ole Gebert
200/9618,Daniel Heming
200/9454,Klaus T. Kallis
189/9779,Peter Gloesekoetter
97/9523,Sparsh Mittal
216/3226,Hossein Moayedi
242/8727,Mansour Mosallanezhad
193/6592,Ahmad Safuan A. Rashid
256/3820,Wan Amizah Wan Jusoh
256/3829,Mohammed Abdullahi Mu'azu
213/0205,Shraddha M. Naik
213/0430,Ravi Prasad K. Jagannath
257/6397,Venkatnareshbabu Kuppili
144/2986,Dilip Kumar Nayak
147/5499,Santosh Kumar Behera
258/6721,Sarada Prasad Das
179/0608,Marcin Pazera
154/9761,Mariusz Buciakowski
68/4739,Marcin Witczak
81/2683,Marcin Mrugalski
81/516,Jun-Fei Qiao
147/8580,Xi Meng
98/2354,Wen-Jing Li
38/3937,Bogdan M. Wilamowski
225/8078,P. Mohamed Shakeel
167/0653,Amr Tolba
212/1489,Zafer Al-Makhadmeh
225/8125,Mustafa Musa Jaber
18/8544,Shuihua Wang
159/2187,Khan Muhammad
154/3805,Jin Hong
150/1679,Arun Kumar Sangaiah
39/2699-1,Yudong Zhang 0001
185/3592,Iris Wieser
129/2286,Pablo V. A. Barros
30/2130,Stefan Heinrich
176/9302,Umar Yahya
49/581,S. M. N. Arosha Senanayake
117/6963,Abdul Ghani Naim
97/4708,Li Zhao
21/4944,Zhijun Fang
86/7869,Robert A. Baxter
72/5531,William B. Levy
203/4777,Zhenshan Bing
225/8758,Claus Meschede
09/4891,Guang Chen
k/AloisKnoll,Alois Knoll
86/489-1,Kai Huang 0001
230/2126,Yanyi Cao
180/6757,Yuting Cao
34/7343,Zhenyuan Guo
189/4345,Fidelis Zanetti de Castro
30/4194,Marcos Eduardo Valle
03/1359,Chuan Chen
73/6284,Lixiang Li
40/1762,Haipeng Peng
170/4295,Ling Mi
39/6153-9,Hui Zhao 0009
01/2038,Giansalvo Cirrincione
228/1667,Gabriele Ciravegna
238/7860,Pietro Barbiero
219/2986,Vincenzo Randazzo
15/6556,Eros Pasero
255/9507,Damien Depannemaecker
256/0110,Luiz Eduardo Canton Santos
71/6613,Antônio Márcio Rodrigues
256/0097,Carla Alessandra Scorza
146/0203,Fulvio Alexandre Scorza
84/1046,Antônio-Carlos Guimarães de Almeida
94/11077,Manuel Dorado-Moreno
118/3303,Nicolò Navarin
85/2221,Pedro Antonio Gutiérrez
43/4727,Luis Prieto
s/ASperduti,Alessandro Sperduti
34/4610,Sancho Salcedo-Sanz
h/CesarHervasMartinez,César Hervás-Martínez
234/6237,Luka Gligic
177/8814,Andrey Kormilitzin
81/760,Paul Goldberg
51/10740,Alejo J. Nevado-Holgado
139/7455,Steffen Goebbels
233/0711,Carlos Daniel Virgilio Gonzalez
s/JuanHumbertoSossaAzuela,Juan Humberto Sossa Azuela
38/7736,Javier Mauricio Antelis
88/4564,Luis Eduardo Falcón
255/9963,Shiqin Ou
w/JunWang2,Jun Wang 0002
232/2070,Yunzhe Hao
01/8502,Xuhui Huang
58/2821,Meng Dong
26/1194-2,Bo Xu 0002
22/2303,Satoshi Hayakawa
08/312,Taiji Suzuki
85/93,Jing He
08/2359,Yan Liang
117/3097,Feisheng Yang
22/4613,Feng Yang
144/2265,Sebastian Herzog
22/11006,Christian Tetzlaff
37/5353,Florentin Wörgötter
256/0553,Bangxin Jiang
08/5217,Jianquan Lu
73/3317,Jungang Lou
54/5748,Jianlong Qiu
38/9022,Xiao-Zheng Jin
76/7010,Xianfeng Zhao
34/25,Jiguo Yu
60/6903,Xiaoming Wu
03/627,Jing Chi
98/4371,Rakesh Kumar
44/429,Subir Das
25/7045-3,Yang Cao 0003
226/6376,Kaushalya Kumarasinghe
k/NikolaKKasabov,Nikola Kasabov
150/4110,Denise Taylor
37/10443,Pablo Lanillos
243/6012,Daniel Oliva
243/6138,Anja Philippsen
02/6219,Yuichi Yamashita
02/6465,Yukie Nagai
03/2800,Gordon Cheng
228/1917,Shanrong Lin
159/9962-1,Yanli Huang 0001
166/0716,Shun-Yan Ren
38/1796,Yufei Liu
s/BoShen-1,Bo Shen 0001
95/7037,Huisheng Shu
10/2639-3,Chen Liu 0003
93/9060,Changsong Zhou
01/2998,Jiang Wang
193/6563,Chris Fietkiewicz
09/7644,Kenneth A. Loparo
132/4091,Jesus L. Lobo
202/8248,Izaskun Oregi
48/1070,Albert Bifet
94/1127,Javier Del Ser
190/4780,Binglong Lu
75/6825,Haijun Jiang
63/7026-5,Cheng Hu 0005
131/9906,Abdujelil Abdurahman
133/9966,Mirto Musci
117/8755,Giacomo Parigi
11/4163,Virginio Cantoni
75/2220,Marco Piastra
231/1072,Alberto Patino-Saucedo
74/2481,Horacio Rostro-González
14/1270,Teresa Serrano-Gotarredona
78/1948,Bernabé Linares-Barranco
257/8744,Julio A. Peraza-Goicolea
36/11385,Eduardo Martínez-Montes
257/8686,Eduardo Aubert
70/9163,Pedro A. Valdés-Hernández
37/3956,Roberto Mulet
41/7254,Yuriy V. Pershin
24/7254,Massimiliano Di Ventra
129/8719,Lenka Pitonakova
50/4469,Seth Bullock
32/5355,Alexandre Pitti
81/6688,Mathias Quoy
175/9195,Catherine Lavandier
52/7990,Sofiane Boucenna
187/5121,Udaya Bhaskar Rongala
39/11027,Alberto Mazzoni
155/2245,Anton Spanne
26/11183,Henrik Jörntell
07/8270,Calogero M. Oddo
210/1009,Deboleena Roy
168/8446,Priyadarshini Panda
r/KaushikRoy,Kaushik Roy 0001
256/0456,Alqamah Sayeed
71/3675,Yunsoo Choi
256/0412,Ebrahim Eslami
256/0399,Yannic Lops
49/1836,Anirban Roy
256/0612,Jia Jung
199/5294,Aboozar Taherkhani
80/4997,Ammar Belatreche
79/5796,Yuhua Li
40/9504,Georgina Cosma
08/5485,Liam P. Maguire
231/7294,Viktor Varkarakis
189/2260,Shabab Bazrafkan
120/9142,Peter Corcoran 0001
07/4221,Peng Wan
120/5247,Dihua Sun
67/1336-10,Min Zhao 0010
35/5678,Li Wan
91/7627,Shuang Jin
254/2181,Shiqin Wang
80/1641,Yiran Chen
83/6353-1,Peng Li 0001
40/485,Xiaohong Wang
78/6727-8,Zhen Wang 0008
10/6543,Qiankun Song
26/2210,Hao Shen
61/4396,Xia Huang
231/7379,Liangjian Wen
257/8766,Xuanyang Zhang
195/9712,Haoli Bai
68/1538,Zenglin Xu
170/5754,Jianying Xiao
157/2440,Xujun Yang
30/4519,Shouming Zhong
192/5381,Shunyuan Xiao
51/2181,Yijun Zhang
99/1128,Baoyong Zhang
33/4854,Yi Yang
189/4446,Baile Xu
172/4941,Shaofeng Shen
80/4685,Furao Shen
70/2932,Jian Zhao
117/6389,Zhenjie Yao
216/5236,Jiangong Li
257/8639,Zhaoyu Guan
257/8688,Yancheng Ye
59/983,Yixin Chen
219/6032,Xingxing You
40/3427,Zhenjiang Zhao
24/10134,You Zhao
90/6986-1,Xing He 0001
75/4419,Junjian Huang
208/4824,Lecheng Zhou
71/4467,Xiaodong Gu
07/6626,Davide Bacciu
200/8014,Francesco Crecchi
85/5901-16,Jun Chen 0016
80/6273-1,Ju H. Park 0001
43/5113,Shengyuan Xu
149/0768,Panteleimon Chriskos
85/5075,Christos A. Frantzidis
208/6794,Polyxeni T. Gkivogkli
42/2356,Panagiotis D. Bamidis
09/2302,Chrysoula Kourtidou-Papadeli
16/722,Fei Gao
50/3037,Weisheng Chen
39/6898,Zhiwu Li
l/JingLi20,Jing Li 0020
69/7024-3,Bin Xu 0003
189/9126,Tianyu Hu
133/5231,Qinglai Guo
133/5135,Zhengshuo Li
79/8673,Xinwei Shen
98/6690-2,Hongbin Sun 0002
17/6853-1,Liang Gao 0001
73/6656,Masaki Kobayashi
14/5410,Ning Li
73/2273,Wei Xing Zheng 0001
65/3945,Yan-Jun Liu 0003
20/6534,Lei Ma
21/2715-6,Lei Liu 0006
83/210,Shaocheng Tong
48/4856,C. L. Philip Chen
190/2607,Massimiliano Luzi
46/1629,Fabio Massimo Frattale Mascioli
50/3787,Maurizio Paschero
58/4663,Antonello Rizzi
256/2798,Abdul Saleem Mir
163/0190,Nilanjan Senroy
152/9530,Haifeng Niu
194/9125,Chandreyee Bhowmick
42/1744,Sarangapani Jagannathan
258/4416,Balint Petro
258/4522,Rita M. Kiss
146/2985,Antonio Díaz Ramos
17/9473,Lyes Saad Saoud
18/5744,Reza Ghorbani
25/9832,Andrey V. Savchenko
48/4843,Gouhei Tanaka
145/9409,Ryosho Nakane
53/7812,Tomoya Takeuchi
84/2763,Toshiyuki Yamane
34/2430,Daiju Nakano
74/4786,Yasunao Katayama
62/989,Akira Hirose
171/4446,Shuangming Yang
22/5042,Bin Deng
01/2998-2,Jiang Wang 0002
41/3268,Huiyan Li
66/10616,Meili Lu
10/5070,Yanqiu Che
35/10617,Xile Wei
28/4937,Guodong Zhang
252/6983,Ebrahim Al-wajih
99/6079,Rozaida Ghazali
123/4406,Yana Mazwin Mohmad Hassim
132/4368,Atsushi Masumori
173/6358,Lana Sinapayen
135/1081,Norihiro Maruyama
33/1930,Takeshi Mita
05/6815,Douglas J. Bakkum
59/10272,Urs Frey
33/5895,Hirokazu Takahashi
203/8343,Joseph Suarez
204/4379,Yilun Du
21/17,Igor Mordatch
36/9988,Phillip Isola
190/7243,Magomed Yu. Malsagov
258/0770,Emil M. Khayrov
258/0639,Maria M. Pushkareva
190/7206,Iakov M. Karandashev
206/6423,Gitesh Dawer
258/3359,Yangzi Guo
155/0711,Sida Liu
59/3600,Adrian Barbu
230/6682,Shao Fang
211/0744,Ahmed Faeq Hussein
16/945,S. Ramkumar
228/4359,K. S. Dhanalakshmi
232/5127,G. Emayavaramban
52/5264,Xing Zhang
97/164,Chao Feng
242/7076,Runhao Li
33/2568,Jing Lei
57/1674,Chaojing Tang
244/5681,Huan-huan Wang
72/5469,Long Yu
21/7845,Shengwei Tian
244/5739,Yong-fang Peng
244/5665,Xin-jun Pei
66/8467,Imon Banerjee
92/4467,Yuan Ling
215/5743,Matthew C. Chen
92/5132,Sadid A. Hasan
12/1751,Curtis P. Langlotz
243/9977,Nathaniel Moradzadeh
04/1530,Brian E. Chapman
244/0306,Timothy Amrhein
191/4960,David A. Mong
35/5410,Daniel L. Rubin
119/3097,Oladimeji Farri
209/9732,Matthew P. Lungren
90/5364,Ameen Eetemadi
44/2569,Ilias Tagkopoulos
67/10405,Vachik S. Dave
147/5138,Baichuan Zhang
39/8969,Pin-Yu Chen
87/5931,Mohammad Al Hasan
247/0537,Dipanjan Moitra
247/0498,Rakesh Kr. Mandal
218/5800,Alon Amid
124/7065,Kiseok Kwon
150/6303,Amir Gholami
130/1371,Bichen Wu
a/KrsteAsanovic,Krste Asanovic
k/KurtKeutzer,Kurt Keutzer
222/3846,Amir Hossein Ansari
68/10234,Perumpillichira J. Cherian
167/1537,Alexander Caicedo
05/5824,Gunnar Naulaers
92/46,Maarten De Vos
60/5071,Sabine Van Huffel
171/9515,Marie Bernert
115/8025,Blaise Yvert
98/5833,Manuela Chessa
19/6008,Fabio Solari
200/9438,Fabio Galán-Prado
222/1813,Alejandro Morán
41/3430,Joan Font
52/3501,Miquel Roca
169/0776,Josep L. Rosselló
219/2318,Hui Guang
56/4329,Linhong Ji
169/6738,Octavio Martinez Manzanera
235/9702,Sanne K. Meles
161/7336,Klaus Leonard Leenders
116/2558,Remco J. Renken
03/765,Marco Pagani
193/8628,Dario Arnaldi
63/10751,Flavio Nobili
116/8841,Jose A. Obeso
116/9068,Maria C. Rodriguez-Oroz
193/8618,Silvia Morbelli
54/6121,Natasha M. Maurits
80/36,Spyridon Plakias
14/4769,Yiannis S. Boutalis
153/7352,Agnieszka Pregowska
04/4317,Ehud Kaplan
01/3572,Janusz Szczepanski
15/6841,Ryotaro Kamimura
78/5418,Ji-Yoon Kim
88/2576,Sung-Bae Cho
91/10065,Luca Oneto
91/7408,Kerstin Bunte
s/FrankMichaelSchleif,Frank-Michael Schleif
64/1967-15,Lei Guo 0015
244/4567,Huan Lv
244/4606,Fengrong Huang
81/887,Hongyi Shi
83/5342,Min Zhang
25/3718,Guohua Geng
224/1330,Hyuntak Jeon
160/5390,Jun-Suk Bang
224/1461,Yoontae Jung
10/728,Injun Choi
53/3101,Minkyu Je
220/3468,Charles Eckert
27/5665,Xiaowei Wang
63/1643,Jingcheng Wang
168/1018,Arun Subramaniyan 0001
83/6040,Dennis Sylvester
b/DBlaauw,David T. Blaauw
41/1231,Reetuparna Das
i/RaviRIyer,Ravi R. Iyer
239/0103,Farhad Abedini
44/3008,Mohammad Bagher Menhaj
88/5924,Mohammad Reza Keyvanpour
217/1732,Shadi Abpeykar
18/331,Mehdi Ghatee
140/1495,Stavros P. Adam
252/3990,Aristidis C. Likas
58/3587,Michael N. Vrahatis
248/6432,H. Rahmati Aidinlou
248/6081,A. M. Nikbakht
238/9921,F. Akhlaghi
239/0159,M. Khakbiz
239/0109,A. Rezaii Bazazz
28/9023,Mariel Alfaro-Ponce
55/5989,Isaac Chairez
e/RalphEtienneCummings,Ralph Etienne-Cummings
51/11053,Mohammed Amoon
248/6164,Priyanka Anjoy
151/8176,Ranjit Kumar Paul
226/9567,El Abed Assali
202/6349,Foued Miaadi
179/4388,Panagiotis G. Asteris
153/4011,Mehdi Nikoo
71/2464,Ali Azadeh
192/6834,Asefeh Hasani Goodarzi
250/3958,M. Hasannia Kolaee
210/1104,Sahar Jebreili
83/4255,Navid Azizi
32/11234,Mashallah Rezakazemi
235/2038,Mohammad Mehdi Zarei
248/6467,Nicholas Becherer
184/3603,John M. Pecarina
92/8737,Scott Nykl
14/2579,Kenneth M. Hopkinson
252/4125,Dinibel Pérez Bello
252/4211,María P. Natali
252/4061,Amalia Meza
150/6939,Cedric De Boom
39/10077,Thomas Demeester
39/211,Bart Dhoedt
138/2113,Carlos Bras-Geraldes
223/3521,Ana Luísa Papoila
10/1907,Patrícia Xufre
95/4137,H. Chaouch
239/3735,S. Charfedine
195/7703,Khaled Ouni
47/90,Houssem Jerbi
45/2832,Lotfi Nabli
236/5186,Bingsheng Chen
252/4183,Huaijin Zhang
252/4193,Mengshan Li
168/8072,Cheng Siong Chin
225/4900,Xi Ji
87/143,Wai Lok Woo
63/6392,Kwee Tiaw Joo
72/5668,Wenxian Yang
166/7572,Rajivganthi Chinnathambi
19/8188,Fathalla A. Rihan
76/7578,Shanmugam Lakshmanan
130/0603,Danilo Costarelli
156/5728,Anna Rita Sambucini
80/8082,Gianluca Vinti
75/7278,Kai Cui
175/6052,Xiang Jing
251/8758,Alessio D'Orazio
251/8532,Archimede Forcellese
250/2048,Michela Simoncini
221/5430,Xiangguang Dai
31/316,Chuandong Li
03/9488,Chaojie Li
08/318,Hongli Deng
64/5666-5,Lei Zhang 0005
205/7748,Lituan Wang
223/3592,S. Dharani
22/3813,P. Balasubramaniam
04/8548,Shi Dong
60/4429,Ruixuan Li
144/3210,Mohit Dua
127/6595,Rajesh Kumar Aggarwal
156/5835,Mantosh Biswas
252/4038,Sai Prasanth Duvvuri
252/4207,Jagadeesh Anmala
17/4747,Erol Egrioglu
35/4805,Ufuk Yolcu
143/2734,Eren Bas
117/7111,Ali Z. Dalar
250/4031,Mahmoud Elsisi
94/5635,Ikbal Eski
239/0084,Zeynel Abidin Kus
20/2509,Qiu Fang
11/751,Zhe Li
90/548,Yaonan Wang
170/5162,Mengxuan Song
125/8189-25,Jun Wang 0025
07/6095,Yang Feng
51/10369,Lidan Fan
00/11350,Hongmin Gao
35/5535,Yao Yang
33/9048,Chenming Li
08/7821,Xiaoke Zhang
34/3125,Jia Zhao
98/3775,Dan Yao
140/1538,Spiros V. Georgakopoulos
150/7376,Konstantina Kottari
d/KostasDelibasis,Kostas Delibasis
05/5481,Vassilis P. Plagianakos
64/836,Ilias Maglogiannis
166/0562,Weiqiang Gong
27/1193,Jinling Liang
131/1246,Xiu Kan
64/1478,Lan Wang
156/0149,Abdullah M. Dobaie
126/9082,Yajuan Gu
10/4495,Yongguang Yu
62/2712,Hu Wang
195/2197,Jingwei Guo
39/449,Jian Wang
169/1520,Qinglin Li
32/9492,Baohua Guo
05/9608,Samaneh Hamedi
164/9239,Zoheir Kordrostami
203/0390,Ali Yadollahi
24/3154,Coskun Hamzaçebi
246/2696,Hüseyin Avni Es
246/2770,Recep Çakmak
95/7278,Le Van Hien
251/8572,Le Dao Hai-An
58/2572,Chun-Fei Hsu
205/4695,Wei-Fu Kao
250/3912,Zhenlong Hu
00/2166,Qiang Zhao
125/8189,Jun Wang
75/10035,Xinjian Huang
16/2930,Baotong Cui
41/5697,Zhenhua Huang
203/2773,Guangxu Shan
97/3466,Jiujun Cheng
68/4942-10,Jian Sun 0010
146/2185,Ashraf Osman Ibrahim
08/3802,Siti Mariyam Shamsuddin
a/AAbraham,Ajith Abraham
78/4738,Sultan Noman Qasem
250/4096,Niyi B. Ishola
250/4062,Adebisi A. Okeleye
31/11373,Ajiboye S. Osunleke
250/4058,Eriola Betiku
219/0636,Zhendong Ji
49/3283,Wei Liu
45/5259,Weikuan Jia
95/8014,Dean Zhao
44/3875,Yuanjie Zheng
150/1756,Sujuan Hou
84/8575,Ismail Kayri
15/7294,Muhsin Tunay Gençoglu
239/0013,Yasmina Kellouche
209/8217,Bakhta Boukhatem
209/7962,Mohamed Ghrici
209/7433,Arezki Tagnit-Hamou
93/10471,Duc Le
89/7682,Wenrui Huang
251/8452,Elijah Johnson
51/1891,Ricardo Lent
156/9374,Feng-Jun Li
153/2952,Jiahui Li
27/6974,Hongli Dong
97/5229,Zidong Wang
155/3587,Nan Hou
42/2969,Fuad E. Alsaadi
14/7119,Hongfei Li
10/4661-102,Wei Zhang 0102
154/4701,Wanli Zhang
203/9141,Suhwan Lim
203/9062,Jong-Ho Bae
203/8155,Jai-Ho Eum
198/1249,Sungtae Lee
203/8559,Chul-Heung Kim
228/3390,Dongseok Kwon
21/1123,Byung-Gook Park
90/3581,Jong-Ho Lee
43/5433,Peng Lin
11/1971,Sheng Chang
w/HaoWang46,Hao Wang 0046
118/1086,Qijun Huang
96/1681-2,Jin He 0002
15/5923,Chao Liu
98/3794,Xiaoyang Liu
57/5473,Hongyu Yang
63/10047,Guangjian Zhang
22/7733,Qiong Cao
41/10764,Shuxin Liu
83/3714-2,Shuo Zhang 0002
238/9936,Sadia Lodhi
34/7195,Muhammad Anwaar Manzar
13/7717,Muhammad Asif Zahoor Raja
75/8147,S. Lokesh
214/3701,Priyan Malarvizhi Kumar
226/4559,M. Ramya Devi
225/2562,Parthasarathy Panchatcharam
222/1465,Gokulnath Chandra Babu
18/5993,Xiaofang Luo
237/5976,Chau Khun Ma
237/5896,Yeong Huei Lee
237/5030,Abdullah Zawawi Awang
237/5462,Wahid Omar
237/5107,Shahrin Mohammad
177/3113,Maybelle Liang
150/7401,Dimos Makris
35/7966,Maximos A. Kaliakatsos-Papakostas
17/6160,Ioannis Karydis
23/4683,Katia Lida Kermanidis
32/7681,Peng Miao
151/1387,Deyu Wu
09/639,Yanjun Shen
67/2010,Zhiqiang Zhang
246/2738,S. P. Mishra
52/8632,P. K. Dash
50/8798,Abbas Rezaei
239/0113,Amir Moradifar
140/6392,Asghar Akbari Foroud
221/8477,Khalil Gorgani Firouzjah
11/5982,Maryam Mosleh
61/168,Mahmood Otadi
202/2173,Mohammed Kyari Mustafa
a/TonyAllen,Tony Allen
53/52,Kofi Appiah
62/4473,Ali Nazari
238/9994,Hadi Hajiallahyari
56/2716,Ali Rahimi
238/9973,Hamid Khanmohammadi
160/7717,Mohammad Amini
237/5503,Hossein Beheshti Nezhad
174/9002,Mahmoud Miri
125/7966-2,Mohammad Reza Ghasemi 0002
239/3670,Hamed Nozari
239/3733,Saeed Azadi
247/9090,Tayyip Özcan
24/47,Alper Bastürk
188/5016,Saban Öztürk
92/5753,Bayram Akdemir
154/4005,Lina Pan
246/2676,Xiaosu Feng
246/2743,Fawen Sang
16/729,Longjie Li
92/4962,Mingwei Leng
86/1677,Xiaoyun Chen
166/5186,Nikolaos Passalis
22/6949,Anastasios Tefas
203/0435,Amarnath Pathak
27/7928,Partha Pakray
190/1690,Jereemi Bentham
252/4267,Ramar Ahila Priyadharshini
252/4228,Selvaraj Arivazhagan
252/4292,Madakannu Arun
252/4189,Annamalai Mirnalini
201/3168,Guangwu Qian
64/5666-33,Lei Zhang 0033
59/2227,Yan Wang
81/516,Junfei Qiao
40/3396,Zhiqiang Hu
08/6548,Wenjing Li
35/7713,Junaid Ali Khan
163/5254,Aneela Zameer
59/9482,Najeeb Alam Khan
237/4973,Jabran Mehmood
156/2133,Zulqurnain Sabir
237/5075,A. Kazemi Nasab
239/3749,Md Juel Rana
239/3734,Mohammad Shoaib Shahriar
215/0758,Md Shafiullah
57/10842,Shadi Riahi
239/3625,Aliakbar Roosta
239/3694,Javad Hekayati
239/3684,Jafar Javanmardi
35/8527,Cemal Okan Sakar
222/3539,Suleyman Olcay Polat
251/9162,Mete Katircioglu
77/7601,Yomi Kastro
242/2002,R. Dinesh Jackson Samuel
92/8682,B. Rajesh Kanna
154/1836,R. Saravanakumar
128/0638,Grienggrai Rajchakit
30/3282,M. Syed Ali 0001
57/2671,Young Hoon Joo
239/3728,Mojtaba Shahabi
55/6946,Hamid Hassanpour
67/4363,Hoda Mashayekhi
250/4038,Lubna Shahid
23/6845,Farrokh Janabi-Sharifi
10/7072,Danish Shaikh
87/2010,Poramate Manoonpong
239/3778,Heman Shamachurn
208/9950,Amin Sharafian
120/9045,Reza Ghasemi
251/9209,Gaddafi Sani Shehu
71/272,Nurettin Çetinkaya
55/5393,Chen Shen
07/1644,Hongfei Lin
20/5094,Kai Guo
83/9907,Kan Xu
81/2359,Zhihao Yang
39/449-21,Jian Wang 0021
48/9714,Khoshnam Shojaei
89/9605,E. Sivasankar
203/5856,J. Vijaya
24/964,Xiaona Song
85/7419,Mi Wang
195/8452,Shuai Song
251/8701,Revathi Soundiran
88/1426,T. K. Radhakrishnan
96/8004,Sivakumaran Natarajan
20/7499,M. Sridevi
46/3752,C. Mala
18/8623,Lijuan Su
64/5469,Liqun Zhou
09/4573,Haibin Sun
71/8680,Linlin Hou
196/3722,Wenyun Sun
00/3855,Haitao Zhao
24/5268,Zhong Jin
221/4433,Yoshiro Suzuki
251/9009,Ayon Tarafdar
251/8687,Navin Chandra Shahi
251/8929,Anupama Singh
02/10460,Juan Carlos Rojas Thomas
m/MarcoMoraCofre,Marco Mora
58/3261,Matilde Santos
152/7898,Sreenivas Sremath Tirumala
38/3585,A. Narayanan
09/8661,Stefania Tomasiello
97/655,Jorge Eduardo Macías-Díaz
48/9779,Alireza Khastan
175/5946,Zahra Alijani
250/4101,Hasan Basri Ulas
250/3965,Murat Tolga Ozkan
250/4087,Yusuf Malkoc
40/3934-20,Dong Wang 0020
190/7935,Yujing Chen
10/5630-59,Xin Wang 0059
24/3508-2,Yi Guo 0002
95/494-1,Yuanyuan Wang 0001
88/7915,Jinhua Yu
179/0530,Tiancai Wang
19/2205,Ting Deng
68/6527,Shuangxin Wang
70/1726,Meng Li
31/5383,Long Zhao
73/4226,Chen Jin
174/0345,Yangxu Wang
09/6341,Hua Mao
161/5966,Xianghong Wang
28/8494,Baozhen Wang
23/2060,Dan Wang
23/641,Zhuhong Zhang
69/11227,Emilia Wolowiec-Korecka
70/11227,Piotr Kula
250/4060,Sylwester Paweta
250/3969,Robert Pietrasik
250/3902,Jacek Sawicki
250/3904,Antoni Rzepkowski
230/0647,Chongkun Xia
95/4904,Yunzhou Zhang
47/5294,I-Ming Chen
29/867,Jianhua Xiao
174/3054,Zhiyang Xiang
40/3934-16,Dong Wang 0016
18/7081,Zhu Xiao
80/1949-3,Jin Xie 0003
26/3998,Hao Dai
96/10363,Shiyi Xing
242/2231,Jianguo Ju
38/1601,Jinsheng Xing
76/8285,Shiueng-Bien Yang
27/3367,Liu Yang
26/7627,Hanxin Chen
36/5945,Xubing Yang
237/7999,Hongxin Yang
142/7079,Fuquan Zhang
166/8478,Xijian Fan
44/7694,Qiaolin Ye
36/1508,Zhe Feng
246/2755,Jingzheng Yao
77/1318-26,Feng Liu 0026
198/0466,Yanyan Geng
135/8909,Lizhong Yao
28/3828,Taifu Li
64/377,Yanyan Li
33/1429,Wei Long
31/1821,Jun Yi
57/8228,Erdem Yavuz
158/1764,Rifat Yazici
251/9067,Vu Thi Yen
251/8370,Wang Yao Nan
163/3772,Pham Van Cuong
120/1088,Yajing Yu
239/0030,Mohammad Zakeri
241/6677,Jiao-Jun Zhang
56/3429-1,Weiping Zhang 0001
14/1342,Mohit Kumar
252/3803,Jingqing Liu
152/1325,Ziye Zhang
21/10939,Shaowei Zhou
220/0393,Chuangchuang Zhang
99/4694-1,Xingwei Wang 0001
95/8385,Fuliang Li
44/1356-1,Min Huang 0001
206/9385,Jinao Zhang
26/2350,Yongmin Zhong
18/4420,Julian Smith
03/7613,Chengfan Gu
50/2034,Chengde Zheng
17/5023,Nan Sun
19/8104,Yao Zhou
97/8704,Lei Zhang
63/1807,Zhang Yi
250/0880,Chen Beer
96/2991,Omri Barak
236/2378,Christophe Gardella
61/11015,Olivier Marre
30/3510,Thierry Mora
54/10615,Kunling Geng
18/2467,Dae C. Shin
95/1597,Dong Song
62/7576,Robert E. Hampson
00/7577,Samuel A. Deadwyler
02/1070,Theodore W. Berger
51/3936,Vasilis Z. Marmarelis
184/3376,Teun van Gils
07/5089,Paul H. E. Tiesinga
59/1179,Bernhard Englitz
31/8919,Marijn B. Martens
175/9687,Jan Gosmann
68/8,Chris Eliasmith
48/9465,Michael Hauser
203/4995,Sean Gunn
222/1987,Samer Saab Jr.
22/5409,Asok Ray
03/1777,Haibin Li
233/6696,Yangtian Li
59/10481,Shangjie Li
233/6709,Erik Rybakken
97/4615,Nils A. Baas
160/0180,Benjamin Dunn
211/7927,David M. Schwartz
19/6211,Onur Ozan Koyluoglu
196/2932,Yuxiu Shao
216/9752,Binxu Wang
83/8535,Andrew T. Sornborger
96/125,Louis Tao
44/10581,Guanghao Sun
46/1669,Shaomin Zhang
52/5040,Y. Zhang
30/495,Kai Xu
128/7431,Qiaosheng Zhang
34/528,Ting Zhao
35/5215,Xiaoxiang Zheng
187/5771,Roman Vyskovský
41/1876,Daniel Schwarz
54/3213,Tomás Kaspárek
43/5685-13,Yong Yu 0013
07/8041,Xiaosheng Si
18/7294,Changhua Hu
152/3315,Jianxun Zhang 0001
241/9209,Johannes T. Krautheim
18/9679,Udo Dannlowski
241/8932,Miriam Steines
241/9197,Gizem Neziroglu
241/8915,Henriette Acosta
125/4314,Jens Sommer
87/7492,Benjamin Straube
65/6023,Tilo Kircher
158/6816,Jieqiong Liu
240/2918,Ruqian Zhang
240/3119,Binbin Geng
121/8839,Tingyu Zhang
09/5856,Di Yuan
240/2780,Satoru Otani
02/11111,Xianchun Li
174/5394,Annemarie Wolff
37/752,Lin Yao
157/1393,Javier Gomez-Pilar
133/3958,Mahsa Shoaran
74/2686,Ning Jiang
18/10741,Georg Northoff
180/4930,Babajide O. Ayinde
77/1969,Tamer Inanc
54/1564,Pierre Baldi
67/6061,Roman Vershynin
93/6604,Haibo Bao
77/2845,Jinde Cao
93/6335,Hansenclever F. Bassani
a/AFRAraujo,Aluizio F. R. Araújo
48/5367,Thierry Bouwmans
143/2961,Sajid Javed
210/1661,Maryam Sultana
86/4668,Soon Ki Jung
b/MartinVButz,Martin V. Butz
227/2709,David Bilkey
227/3033,Dania Humaidan
59/3915,Alistair Knott
95/10151,Sebastian Otte
167/2241,Shengbo Wang
97/10115,Yuntian Chen
64/9746,Haibin Chang
33/6937,Jin Meng
01/3131,Dongxiao Zhang
88/1450,Liping Chen
57/3831,J. A. Tenreiro Machado
128/4262,António M. Lopes 0001
72/6108,Yi Chai
09/950,Ranchao Wu
154/4103,Chongyang Chen
00/4449,Song Zhu
78/5832,Yongchang Wei
168/4512,Maryam Gholami Doborjeh
186/6914,Zohreh Gholami Doborjeh
250/3090,Reza Enayatollahi
146/8165,Enmei Tu
43/8647,Amir H. Gandomi
201/4180,Alberto Fachechi
18/8907,Elena Agliari
49/8910,Adriano Barra
43/5763-3,Yingjie Fan 0003
250/3177,M. Fitzsimmons
82/4293,H. Kunze
181/8028,Chengdai Huang
67/1466,Xiaobing Nie
24/3533,Xuan Zhao
08/8175,Zhengwen Tu
06/230,Min Xiao
11/1244,Benjamin Inden
04/4166,Jürgen Jost
132/3137,Robert Jarusek
37/5410,Eva Volná
90/11004,Martin Kotyrba
140/1689,Wenwen Jia
66/645,Sitian Qin
80/4226,Xiaoping Xue
240/7016,Yu Kan
32/3199,Jürgen Kurths
219/0537,Sadegh Karimpouli
72/11200,Pejman Tahmasebi
k/NikolaKKasabov,Nikola K. Kasabov
163/3827,Garrett E. Katz
215/3419,Gregory P. Davis
09/9825,Rodolphe J. Gentili
r/JAReggia,James A. Reggia
32/11535-1,Salman H. Khan 0001
126/1131,Munawar Hayat
p/FatihMuratPorikli,Fatih Porikli
37/4892,Taeyong Kim
17/4015,Oh-Sung Kwon
04/10798,Junho Song
75/11329,David Laredo
241/5983,Zhaoyin Chen
69/6098,Oliver Schütze
54/14,Jian-Qiao Sun
04/7036,Daniel S. Levine 0001
70/9630,Hong-Li Li
132/9508,Ahmed Alsaedi
03/1339,Lulu Li
06/3177,Xiaohong Shi
216/6240,Zuolin Liu
33/852,Hongbin Fang
73/1149-5,Jian Xu 0005
49/1245,Jia Liu
80/3438,Maoguo Gong
51/4299,Haibo He
20/4256,Hui Lü
77/8863,Wangli He
77/2455,Qing-Long Han
20/115-1,Chen Peng 0001
233/3450,Rongrong Ma
193/4191,Jianyu Miao
11/8770,Lingfeng Niu
21/1048-1,Peng Zhang 0001
212/4206,Mateja Maric
32/5614,Drazen Domijan
96/9472,Siamak Mehrkanoon
87/6222,Yuki Moritani
52/7847,Naomichi Ogihara
73/5511,Neyir Ozcan
196/1186,Seyed Mehdi Abedi Pahnehkolaei
21/8042,Alireza Alfi
139/5833,German Ignacio Parisi
197/4423,Ronald Kemker
204/2986,Jose L. Part
14/8653,Christopher Kanan
218/1773,Hoon-Keng Poon
26/3778,Wun-She Yap
218/1772,Yee-Kai Tee
124/4146,Wai-Kong Lee
74/2851,Bok-Min Goi
250/2788,Jonathan Sadeghi
159/4608,Marco de Angelis
70/2312,Edoardo Patelli
44/2251,Ruya Samli
86/5989,Sibel Senan
88/7643,Eylem Yucel
65/2845,Zeynep Orman
204/7770,Mehmet Sarigul
128/2668,Buse Melis Ozyildirim
14/4003,Mutlu Avci
222/1549,Daniel J. Saunders
232/9338,Devdhar Patel
80/4950,Hananel Hazan
38/5037-1,Robert Kozma 0001
144/2184,Simone Scardapane
20/1119,Steven Van Vaerenbergh
223/4872,Simone Totaro
34/3010,Aurelio Uncini
26/7645,Selcuk Sevgen
92/4638-3,Jing Shi 0003
37/8542,Jiaming Xu
186/7879,Yiqun Yao
136/1647,Leonardo Enzo Brito da Silva
139/5843,Islam Elnabarawy
w/DCWunsch,Donald C. Wunsch II
155/5668,Hyeonuk Sim
64/5375,Jongeun Lee
45/4301,Jirí Síma
38/3641,Ah-Hwee Tan
10/3849,Budhitama Subagdja
18/5410-4,Di Wang 0004
118/5253,Lei Meng
222/2297,Rongqiang Tang
27/1490,Xinsong Yang
240/6879,Xiaoxiao Wan
82/11434,Amirhossein Tavanaei
155/6869,Masoud Ghodrati
135/7980,Saeed Reza Kheradpisheh
07/7226,Timothée Masquelier
98/4656,Anthony Maida
82/4938,Nobuhiko Wagatsuma
38/3240,Zunshui Cheng
24/7186,Habib M. Fardoun
29/5618,Zengyun Wang
01/9006,Zuowei Cai
68/1298,Lihong Huang
99/4292,Ding Wang
217/7169,Ruoyu Wei
154/7186,Tengda Wei
58/3873,Ping Lin
18/5299,Yangfan Wang
73/6583,Linshan Wang
92/8453,Dong Wen
236/1807,Peilei Jia
164/9572,Sheng-Hsiou Hsu
79/3289,Yanhong Zhou
236/1742,Xifa Lan
57/5906,Dong Cui
42/2437,Guolin Li
73/7483,Shimin Yin
181/2817,Lei Wang
145/4118,Zhengtian Wu
90/5065,Hamid Reza Karimi
04/2363,Chuangyin Dang
98/627,Han Xiao
11/1492,Yidong Chen
73/5055,Xiaodong Shi
06/8656,Ge Xu
81/3814,Sanyang Liu
198/2954,Yongfang Xie
243/8436,Jinjing Yu
227/6622,Shiwen Xie
90/5865,Weihua Gui
250/2328,Zhilu Xu
219/6133,Dongxue Peng
63/7279,Xiaodi Li
184/4944,Yuanbo Xu
01/6376,Yongjian Yang
139/1153,Jiayu Han
94/10612,En Wang
48/5638,Fuzhen Zhuang
174/2233,Jingyuan Yang
x/HuiXiong,Hui Xiong
00/5867-8,Chao Yang 0008
198/8530,Ilkay Yildiz
87/910,Peng Tian
24/6000,Jennifer G. Dy
57/3284,Deniz Erdogmus
146/3678,James M. Brown
50/3269,Jayashree Kalpathy-Cramer
186/3879,Susan Ostmo
188/3848,J. Peter Campbell
48/2302,Michael F. Chiang
42/6940,Stratis Ioannidis
256/0096,Omar Zeid
60/1343,Daniel Bullock
228/6972,Guanxiong Zeng
j/TianziJiang,Tianzi Jiang
70/80,Shan Yu
80/1961,Wei Zeng
79/10405,Chengzhi Yuan
93/1790,Qinghui Wang
06/1267,Fenglin Liu
94/3104,Ying Wang
130/5649,Bingjie Zhang
180/9796,Yusong Liu
190/0909,Shujun Wu
39/449-10,Jian Wang 0010
124/5775,Yongshan Zhang
25/5536-1,Jia Wu 0001
96/106,Zhihua Cai
70/6443,Bo Du
y/PhilipSYu,Philip S. Yu
06/4036-7,Weiwei Zhang 0007
72/4420-2,Hai Zhang 0002
215/2078,Dingyuan Chen
00/3855-2,Haitao Zhao 0002
61/7577,Zhihui Lai
15/1975-2,Yudong Chen 0002
248/0006,Yongshun Zhao
47/7811,Peiyong Duan
139/5832,Zejia Zheng
81/6077,Xiang Wu
w/JuyangWeng,Juyang Weng
168/0784,Zhisheng Zhong
203/9145,Fangyin Wei
l/ZhouchenLin,Zhouchen Lin
94/3019,Chao Zhang
19/7453,Yufeng Zhou
210/4739,Meilu Zhu
84/660,Daming Shi 0001
30/3983,Junbin Gao
20/6977-4,Dong Xie 0004
142/9125,Yueping Jiang
78/6310,Minghua Han
88/3775-7,Yi Tang 0007
194/5590,Salihu A. Abdulkarim
54/4063,Andries P. Engelbrecht
146/2160,Ahmed A. Abusnaina
54/3529,Rosni Abdullah
28/10240,Ali Kattan
50/6061,Nallappan Gunasekaran
195/0948,R. Vadivel
66/589,O. M. Kwon
242/7259,Kadarkarai Murugan
05/2523,Basavaraj S. Anami
228/0467,Venkatesh A. Bhandage
97/8147,Youssef El Foutayeni
240/3779,Imen Ben Gharbia
167/0440,Enkh-Amgalan Boldbaatar
183/9680,Lo-Yi Lin
39/6171,Chih-Min Lin
18/565,Mostafa Borhani
01/4737,Zhibin Chen
08/9687,Aiping Zhang
174/3558,Tuan Linh Dang
49/5419,Yukinobu Hoshino
238/4786,Parthasakha Das
75/4412,Pritha Das
22/7999,Amitava Kundu
55/28,Tao Dong
219/9777,Jiaqi Bai
50/2484,Lei Yang
171/2736,Yali Dong
203/6774,Liangliang Guo
21/2724,Jing Hao
47/3003,Tianrui Li
83/625,Lian Duan
03/1086,Min Shi
166/0533,Mohammad Eshaghnezhad
164/0458,Freydoon Rahbarnia
09/1554,Sohrab Effati
166/0548,Amin Mansoori
31/8167,Lichao Feng
28/441-4,Jun Hu 0004
147/6720,Zhihui Wu
99/3158,Leszek Rutkowski
21/2715-8,Lei Liu 0008
242/8203,Shojaeddin Ghasemi
182/2292,Kamaledin Ghiasi-Shirazi
219/3124,Shuqing Gong
162/8504,Shaofu Yang
34/3271,Kaizhong Guan
150/8312,Junhao Yang
17/36,Jie Hou
23/1078,Erfu Yang
159/9962-1,Yan-Li Huang 0001
19/8243,Weizhong Chen
96/10644,Zewei Zheng
239/1273,Zhengguo Huang
69/8139,Jianwei Xia
139/9364,Hong-Bing Huang
254/8356,Zhi-Hong Xie
15/6441,Chuangxia Huang
238/4851,Luanshan Yang
76/7038,Bingwen Liu
156/0235,Abdulrahman Oladipupo Ibraheem
154/8472,Arpan Jain
177/1598,Apoorva Mishra
13/3129,Anupam Shukla
15/1141,Ritu Tiwari
246/6527,Assaad Jmal
192/6665,Abdellatif Ben Makhlouf
38/8872,A. M. Nagy
186/0618,Omar Naifar
88/4180,Ramón García-Hernández
90/2341,Miguel A. Llama
145/5971,Nimet Korkmaz
79/3807,Recai Kiliç
13/8884,Younghoon Lee
211/7761,Minki Chung
60/2556,Sungzoon Cho
182/6395,Jinhae Choi
154/1994,Ruoxia Li
73/10765,Xingbao Gao
56/9392,Liangliang Li
254/8390,Guohong Mu
89/6978,Yongkun Li
219/5910,Jiali Qin
13/2692-20,Bing Li 0020
214/3596,Jin-dong Li
170/8893,Zeng-bao Wu
51/5780,Nan-Jing Huang
58/411,Ce Li
80/3887,Baochang Zhang
197/6693,Hanwen Hu
29/5049,Jing Dai
231/2112,Jinhua Lin
65/830,Yu Yao
65/5195,Mei Liu
36/5558-14,Tong Liu 0014
29/6005,Shan Liang
42/6798,Qingyu Xiong
78/2022-3,Kai Wang 0003
78/7328,Yanjun Liu
80/7562,Yu Qin
43/10014,Xinbo Yang
131/3376,Francisco Ortega-Zamorano
63/1485,Enrique Domínguez
29/1141,José Muñoz-Pérez
26/5662,Yao Lu
78/4785,Guangming Lu
161/8357,Yuanrong Xu
00/101,Guo Luo
90/5587,Zhi Yang
254/8344,Kongming Peng
53/1441,Xuanjiao Lv
54/3967,Zhiguo Tan
167/7633,Junying Yuan
163/4293,Diego P. P. Mesquita
163/4376,João Paulo Pordeus Gomes
188/1890,Leonardo Ramos Rodrigues
184/7738,Mohammed Salah M'hamdi
251/7837,Mehran Mirkhan
61/4408,Mohammad Reza Meybodi
43/6700,Eiji Mizutani
28/775,R. Rakkiyappan
254/8391,D. Gayathri
150/0714,G. Velmurugan
251/7869,Ling Ren 0003
09/9492,Xuejun Yi
47/2653,Zhengqiu Zhang
223/8105,Malika Sader
254/8406,Hossein Sadr
76/7803,Mir Mohsen Pedram
55/2328,Mohammad Teshnehlab
168/9681,Rajendran Samidurai
173/2685,S. Rajavel
80/2747-3,Bashir Ahmad 0003
18/2214-1,S. Saravanan 0001
52/3709,Liang Shen
145/4178,Mingming Gao
46/8665,Yajuan Liu
09/8595,Guang Shi
74/982,Jiangshe Zhang
24/9687,Huirong Li
160/2483,Changpeng Wang
254/8404,Alireza Shojaeifard
204/7863,Ali Nakhaei Amroudi
166/2866,Majid Erfanian
228/6312,Jingtao Man
86/527,Zhumu Fu
94/4846,Junwei Lu
30/982-1,Tao Song 0001
72/1547,Shanchen Pang
224/4975,Shaohua Hao
55/5282,Alfonso Rodríguez-Patón
24/7606,Pan Zheng
74/7655,Hongli Sun
14/756,Muzhou Hou
18/216,Yunlei Yang
84/1905,Tianle Zhang
251/7679,Futian Weng
58/2012,Feng Han
78/4864,Manchun Tan
20/2197,Xiaojun Li
56/5650,Yunfeng Liu
126/2513,Mai Viet Thuan
214/9198,Dinh Cong Huong
251/7821,Duong Thi Hong
215/6174,Diem-Phuc Tran
122/0554,Van-Dung Hoang
09/5978,Jigui Jian
05/3420,Jinling Wang
142/3959,Tianlong Ma
33/4679,Zhenhua Wang
254/8358,Gengsheng Ma
254/8385,Dianyao Gong
54/5330,Jie Sun
167/9865,Dian-hua Zhang
195/6950,Jingfeng Wang
42/5814,Lixin Tian
39/2866,Xiru Wu
216/9211,Songlin Xiao
222/2425,Xiaolin Xiong
09/8442,Changjin Xu
02/8867,Peiluan Li
25/8442,Maoxin Liao
12/1208,Ying Guo
164/4447,Yuebing Xu
05/3499,Jing Zhang
65/8511,Zuqiang Long
135/7092,Mingyang Lv
251/7882,Xuechao Yan
84/11029,Dongbing Tong
76/10627,Qiaoyu Chen
44/7344,Wuneng Zhou
54/3817-2,Yuhua Xu 0002
36/4658,Gang Yang
09/3925,Li Yang
94/6828,Yu Fei
79/8906,Wanqin Wu
21/2326,Zhao Yang
12/3780,Xiaofeng Liao
84/4664,Guangyi Yang
242/7326,Wepin Wan
213/9929,Renyu Ye
15/3115,Xinsheng Liu
85/7840,Chengbo Yi
37/1340,Jianwen Feng
18/3178,Jingyi Wang
54/1474-4,Chen Xu 0004
51/4138-2,Yi Zhao 0002
97/2894,Yanhong Gu
219/1731,Manman Yuan
83/7087,Xiong Luo
72/4134-7,Weiping Wang 0007
246/6571,Shiek Abdullah Ismail
246/6456,Yoong Ping Lim
71/6829,Richard Smith
246/6517,Evangelos Pappas
188/3338,Jinjin Guo
150/4105,Binbin Qiu
38/5846,Wan Li
75/2611,Feng Lin
211/3067,Lingzhong Zhang
24/5299,Yongqing Yang
71/208,Shuai Zhang
83/3853,Xin Sui
23/1797,Huan Zhang
00/8605,Wenbing Zhang
122/3180,Qingying Miao
67/5781,Ying Cui
29/5452,Chuang Zhao
50/4129,Yongjun Zhao
173/0953,Jingwen Zhu
44/329,Jitao Sun
46/3164,Hongmei Li
23/354,Jinying Huang
242/6012,Shuwei Ji
62/5283,Emre O. Neftci
137/2994,Hesham Mostafa
155/2110,Friedemann Zenke
117/4725,Arindam Jati
80/7046,Panayiotis G. Georgiou
202/2362,Alessandro Aimar
202/2136,Enrico Calabrese
166/3237,Antonio Rios-Navarro
180/6241,Ricardo Tapiador-Morales
169/4650,Iulia-Alexandra Lungu
202/1709,Moritz B. Milde
137/3102,Federico Corradi
38/1817,Alejandro Linares-Barranco
10/3688,Shih-Chii Liu
d/TobiDelbruck,Tobi Delbrück
04/6048,Angelo Alessandri
21/9604,Patrizia Bagnerini
36/318,Mauro Gaggero
99/6375,Paul M. Baggenstoss
120/4505,Jiejie Chen
79/2013,Boshan Chen
21/6889,Ping Jiang
18/6453,Shi-Lu Dai
213/2092,Shude He
181/2695-3,Min Wang 0003
61/6695,Zhongke Gao
35/1064,Xinmin Wang
171/1862,Yuxuan Yang
11/6606,Chaoxu Mu
93/5836,Qing Cai
200/9756,Wei-Dong Dang
12/4927,Siyang Zuo
35/7711,Linlin Liu
25/3038-3,Qing Guo 0003
64/6544-42,Yi Zhang 0042
34/2900,Branko G. Celler
87/3204,Steven W. Su
20/6417-1,Wei He 0001
64/221,Changyin Sun
w/DCWunsch,Donald C. Wunsch
38/3064,Richard Yi Da Xu
34/4759,Alessio Micheli
26/4820,Artur S. d'Avila Garcez
32/8511,Choon Ki Ahn
86/4183,Gang Pan
38/5435,Jianbing Shen
76/907,José de Jesús Rubio
l/LingjiaLiu,Lingjia Liu 0001
22/11262,Lorenzo Livi
05/6133,Nian Zhang
36/5299,Nishchal K. Verma
78/1467-1,Qi Tian 0001
44/4380,Qinglai Wei
58/4968,Seiichi Ozawa
79/6134,Stuart H. Rubin
15/5283,Wei-Neng Chen
46/2311,Xi Li
119/5917,Youmin Zhang 0001
55/9614,Zhen Ni
234/7554,Ruihan Hu
00/6381-8,Bin Hu 0008
07/6149,Zhi-Hong Guan
30/545,Guanrong Chen
82/4281,Frank L. Lewis
82/11158,Hantao Huang
64/4832-1,Hao Yu 0001
203/8930,Kelli D. Humbird
194/6246,Jayson Luc Peterson
67/9755,Ryan G. McClarren
29/1208,Marcello Sanguineti
82/6046,Dapeng Li 0004
89/6527-1,Zhijun Li 0001
91/5707,Junjun Li
176/6902,Suna Zhao
233/4877,Yuxia Yuan
98/3089,Yu Kang
56/529,Zhichen Li
82/7378,Huaicheng Yan
55/2270-8,Hao Zhang 0008
223/7750-1,Xisheng Zhan 0001
81/8821,Congzhi Huang
46/8542,Hongfeng Li
98/4401,Hongkai Zhao
93/6234,Hong Li
33/5448-18,Jian Li 0018
64/2306,Mingzhi Mao
211/7697,Dongze Lian
183/0235,Lina Hu
160/2214,Weixin Luo
188/7560,Yanyu Xu
54/7057,Lixin Duan
58/4808,Jingyi Yu
63/7642,Shenghua Gao
245/5752,Bosen Lian
16/1451,Qingling Zhang 0001
120/8449,Jinna Li
181/8136,Wen-Juan Lin
15/2841-3,Yong He 0003
24/8966,Chuan-Ke Zhang
16/0-2,Min Wu 0002
61/1389,Jianhua Shen
66/6852-4,Shu Li 0004
67/5807-1,Fang Liu 0001
40/3714,Licheng Jiao
123/7064,Xu Tang
81/2383,Shuyuan Yang
27/2987-1,Wenping Ma 0001
93/5255,Biao Hou
82/7672,Junxiu Liu
195/1400,Shvan Karim
162/1364,Anju P. Johnson
118/6459,Alan G. Millard
36/1634,James A. Hilder
29/69,David M. Halliday
t/AMTyrrell,Andy M. Tyrrell
t/JonathanTimmis,Jon Timmis
31/2088-3,Lu Liu 0003
23/2060-1,Dan Wang 0001
68/8130,Zhouhua Peng
20/2858,Tieshan Li
21/6121-38,Peng Liu 0038
151/6618,Enrico Maiorino
159/7994,Dorra Mellouli
34/3540,Tarek M. Hamdani
14/3916,Javier J. Sánchez Medina
72/3864,Mounir Ben Ayed
a/AdelMAlimi,Adel M. Alimi
47/2620,Nima Mohajerin
18/7142,Steven L. Waslander
189/6584,Hossam Mosbah
20/7483,Mohamed E. El-Hawary
156/0202,Vignesh Narayanan
161/0298,Kannan Ramkumar
90/4149-3,Ben Niu 0003
99/4292-1,Ding Wang 0001
161/5778,Naif D. Alotaibi
51/9554,Jung Guk Park
18/3943,Sungho Jo
45/3211,Jang-Hyun Park
02/5115,Seong-Hwan Kim
99/6572,Tae-Sik Park
27/1817-1,Hong Peng 0001
w/JunWang13,Jun Wang 0013
84/3009,Xiao Peng
31/7266,Huaiqin Wu
213/1637,Églen Protas
213/1784,José Douglas Bratti
177/9287,Joel Felipe de Oliveira Gaya
76/7747,Paulo Drews Jr.
43/4171,Silvia S. C. Botelho
04/8131,Jiahu Qin
194/9312,Gaosheng Zhang
220/8855,Hong Sang
47/2026-2,Jun Zhao 0002
154/1836,Ramasamy Saravanakumar
236/3431,Hyung Soo Kang
66/8680,Xiaojie Su
90/10315,Sreten B. Stojanovic
232/4646,Damnjan D. Radosavljevic
18/2348,Shuyi Shao
05/3068,Mou Chen
12/2633,Ting Wang
16/6908,Guoping Lu
06/5965,Yongduan Song
132/0802,Yin Sheng
70/9897,James S. Smith
47/6534-24,Bo Wu 0024
76/893,Lei Song
17/6125,Sing Kiong Nguang
41/3836,Dan Huang
223/3017,Zengjie Song
12/6911,Junmin Liu
139/1545,Shuai Sui
10/1692,Shinichi Tamura
146/0208,Yoshi Nishitani
146/0253,Chie Hosokawa
77/3331,Yuko Mizuno-Matsumoto
18/8032,Nikolaos Tsapanos
n/NikosNikolaidis,Nikolaos Nikolaidis
p/IPitas,Ioannis Pitas
169/2322,Stylianos I. Venieris
74/5762,Christos-Savvas Bouganis
66/5973-3,Dongming Wang 0003
150/9605,Mohsin Aziz
21/7529,Mohamed Helaoui
21/6058,Fadhel M. Ghannouchi
30/3241-3,Jianhui Wang 0003
40/6686-1,Zhi Liu 0001
02/6428-1,Yun Zhang 0001
41/6013,Jin-Liang Wang
06/864,Zhen Qin
88/4280,Huai-Ning Wu
12/65,Quanxin Zhu
136/3843,Hugues Wouafo
49/5634,Cyrille Chavet
48/2293,Philippe Coussy
85/3231,Shuang Wu
13/5353,Guoqi Li
96/755-3,Lei Deng 0003
74/7037,Liu Liu
48/1853,Dong Wu
x/YuanXie,Yuan Xie 0001
84/7231,Luping Shi
122/5334-3,Qiang Xiao 0003
l/KenliLi,Kenli Li
157/2422,Mingxing Duan
208/8098,Bingrong Xu
181/2731-2,Qingshan Liu 0002
07/4630-3,Yong Xu 0003
01/513,Jun-Yi Li
96/7721,Renquan Lu
52/5716-20,Chang Liu 0020
156/0786,Yuanqing Wu 0003
03/2611,Feng Xu
221/0808,Zexin Li
134/1691,Zhuo-Yun Nie
05/5582,Hui Shao
217/1021,Yingxin Shou
42/2501,Jun Luo
123/6744,Huayan Pu
79/3204,Zhongke Shi
96/928,Chenguang Yang
221/1729,Chuize Chen
05/7736,Rongxin Cui
39/4333-1,Qiang Song 0001
55/2270-35,Hao Zhang 0035
p/NikhilRPal,Nikhil R. Pal
190/4685,Fanghai Zhang
193/2223,Ruimei Zhang
200/6004,Deqiang Zeng
26/2439,Xinzhi Liu
78/5816-4,Jun Cheng 0004
248/1313,Dong-dong Zheng
47/2762,Yongping Pan
01/6560,Haoyong Yu
15/3785,Qi Zhou
234/6625,Shiyi Zhao
88/5785-1,Hongyi Li 0001
118/0299,Chengwei Wu
10/3520,Hao Zhu
z/WeiZhao-14,Wei Zhao 0014
242/1798,Renwei Zuo
184/6772,Xinmin Dong
39/1917,Yongzhi Liu
184/6851,Zongcheng Liu
137/6026,Wenqian Zhang
145/9981,Justus Thies
52/8573,Michael Zollhöfer
84/8221,Matthias Nießner
161/9827,Naifan Zhuang
41/943,Guo-Jun Qi
64/3815,The Duc Kieu
233/0688,Kien A. Hua
238/8885,Thomas Cassimon
229/4080,Simon Vanneste
202/6221,Stig Bosmans
139/7653,Siegfried Mercelis
66/2132,Peter Hellinckx
156/7303,Christopher Morris 0001
194/2447,Martin Ritzert
180/9174,Matthias Fey
137/3314,William L. Hamilton
195/9868,Jan Eric Lenssen
132/6971,Gaurav Rattan
g/MGrohe,Martin Grohe
45/7737,Yanzhi Wang
156/4008-1,Zheng Zhan 0001
63/5422,Liang Zhao
181/2667-8,Jian Tang 0008
203/6652,Siyue Wang
147/0314,Jiayu Li
41/1662-1,Bo Yuan 0001
70/11466,Wujie Wen
94/7236,Xue Lin
130/9906,Shengyuan Zhou
134/7486,Tian Zhi
44/11216,Zidong Du
48/474,Yunji Chen
255/6650,Islam Nassar
118/3555,Michelle Ananda-Rajah
57/5129,Gholamreza Haffari
245/1753,Bram Bulté
185/5586,Arda Tezcan
64/4247,Liqun Liu
245/9430,Funan Mu
25/8528,Pengyu Li
180/5685,Xin Mu
83/663,Jing Tang
245/9494,Xingsheng Ai
245/9486,Ran Fu
82/6720,Lifeng Wang
23/6266,Xing Zhou
179/2615,Shun Zheng
19/3011,Xu Han
161/0001,Yankai Lin
230/3699,Peilin Yu
69/157,Lu Chen
90/3799,Ling Huang
53/3245-1,Zhiyuan Liu 0001
32/1213,Wei Xu
183/7195,Amirreza Yousefzadeh
245/8138,Sahar Hosseini
194/7251,Priscila C. Holanda
169/0834,Sam Leroux
200/0191,Thilo Werner
10/3654,Pieter Simoens
86/8514,Jiajun Li
124/4033,Bosheng Liu
32/2695,Yinhe Han
37/5372-1,Xiaowei Li 0001
184/6572,Chuhan Min
178/5589,Jiachen Mao
30/5330-1,Hai Li 0001
168/9568,Linna Liu
40/4905,Feiqi Deng
249/7171,Aditi Jha
25/6438,Sumeet Agarwal
132/3195,Yasin Zamani
213/5908,Neda Nategh
253/6139,Rosilde Tatiana Irene
229/6888,Clara Borrelli
51/10816,Massimiliano Zanoni
137/2362,Michele Buccoli
11/1386,Augusto Sarti
250/5559,Jacket Demby's
229/0705,Yixiang Gao
32/3412,Guilherme N. DeSouza
16/5223,Aviv Segev
70/3848,Rituparna Datta
83/3374,Ryan Benton
c/DCurtis,Dorothy Curtis
248/5730,Nasrulloh R. B. S. Loka
214/3598,Muthu Subash Kavitha
14/1998,Takio Kurita
56/7393,Xiangning Chen
167/2640,Bo Qiao
59/803,Weiyi Zhang
95/6985,Wei Wu
204/3594,Murali Chintalapati
87/461,Dongmei Zhang
120/0743,Qingwei Lin
98/10657,Chuan Luo
09/4246,Xudong Li
29/2726-2,Hongyu Zhang 0002
07/4630,Yong Xu
47/10488,Yingnong Dang
167/3797,Kaixin Sui
98/5660,Xu Zhang
249/0276,Maxime Pouilly-Cathelain
142/0961,Philippe Feyel
81/7276,Gilles Duc
74/2812,Guillaume Sandou
119/8860,Bastian Rieck
213/6587,Matteo Togninalli
168/7529,Christian Bock
222/4286,Michael Moor
40/6275,Max Horn
211/2840,Thomas Gumbsch
11/3733,Karsten M. Borgwardt
151/5692,George Kyriakides
38/4446,Konstantinos G. Margaritis
04/8328,Asim Iqbal
249/8434,Phil Dong
202/8041,Christopher M. Kim
249/8120,Heeun Jang
66/11298,Guangchi Liu
51/2854,Chenyu Li
47/3749-3,Qing Yang 0003
242/2083,Rukiye Savran Kiziltepe
22/6496,John Q. Gan
178/0150,Juan José Escobar
01/6368,He Wang
10/1788,Xiangming Li
205/9908,Neng Ye
11/3238,Aihua Wang
84/9736,Sergio Miguel Tomé
235/0082,Mohamed A. Elgammal
23/8309,Hassan Mostafa
07/3956,Khaled N. Salama
22/2322,Ahmed Nader Mohieldin
195/8150,Chunpeng Ma
99/3914,Akihiro Tamura
76/5745,Masao Utiyama
95/5465,Eiichiro Sumita
35/1787,Tiejun Zhao
144/4532,Vaishnavi Ranganathan
241/3405,Jared Nakahara
241/3541,Soshi Samejima
241/3446,Nicholas Tolley
154/1562,Abed Khorasani
26/10909,Chet T. Moritz
s/JoshuaRSmith,Joshua R. Smith
229/0171,Milad Taghavi
176/5602,Simon S. Du
224/0057,Kangcheng Hou
62/5884,Ruslan Salakhutdinov
15/4829,Barnabás Póczos
183/6164,Ruosong Wang
177/6079,Keyulu Xu
171/7901,Benyamin Allahgholizadeh Haghi
19/6441,Spencer S. Kellis
149/4653,Sahil Shah
255/6988,Maitreyi Ashok
173/5257,Luke Bashford
162/5454,Daniel Kramer
250/7037,Brian C. Lee
91/4301,Charles Liu
47/6268,Richard A. Andersen
31/1494,Azita Emami
184/2008,Malte Ludewig
186/0313,Noemi Mauro
248/8627,Sara Latifi
j/DietmarJannach,Dietmar Jannach
03/1094,Wei Yang
160/8097,Kuang Lu
71/9062,Peilin Yang
00/7739,Jimmy Lin
200/0044,Chih-Yin Liu
202/0555,Cheng-Hui Li
55/1363,Tzuu-Hseng S. Li
199/9778,Cheng-Ying Hsieh
133/4832,Ching-Wen Cheng
48/9167,Chih-Yen Chen
10/7033,Yu-Ting Su
252/4444,King Kuok Kuok
243/7293,Po Chan Chiu
91/2951,Ali Selamat
147/5236,Bolun Wang
186/1486,Yuanshun Yao
217/9308,Shawn Shan
23/4315,Huiying Li
24/604,Bimal Viswanath
43/4261,Haitao Zheng 0001
z/BenYZhao,Ben Y. Zhao
171/7773,Qi She
15/9453,Anqi Wu
72/11385,Jie-Fang Zhang
88/5605,Ching-En Lee
35/8314,Chester Liu
133/9941,Yakun Sophia Shao
k/StephenWKeckler,Stephen W. Keckler
17/5332,Zhengya Zhang
185/6840,Jinzheng Cai
78/6574-1,Le Lu 0001
03/10932,Fuyong Xing
20/2970-2,Lin Yang 0002
39/9577,Yao Xiao
249/4260,Skylar Stolte
21/6121,Peng Liu
249/4329,Yun Liang 0012
117/0348,Pina C. Sanelli
80/2430,Ajay Gupta
249/4388,Jana Ivanidze
80/8845,Ruogu Fang
64/6896,Huchuan Lu
18/434,Huajin Tang
05/2609,Zhanshan Wang
84/3994,Hanna M. Wallach
86/3862,Hugo Larochelle
27/1683,Alina Beygelzimer
96/4104,Florence d'Alché-Buc
68/1212,Emily B. Fox
29/7058,Roman Garnett
46/7793,Quanshi Zhang
16/4505,Yu Yang
18/568,Ying Nian Wu
153/2097,Greg Yang
236/4547,Zhicheng Ding
247/8660,Mehmet Kerem Türkcan
55/3805,Albert Boulanger
236/5814,Andrew N. Carr
14/5737,David Wingate
169/9748,Linnan Wang
33/3791,Yiyang Zhao
178/8539,Yuu Jinnai
t/YuandongTian,Yuandong Tian
f/RFonseca,Rodrigo Fonseca
63/7799,Prateek Verma
15/9005,Chris Chafe
72/6104,Jonathan Berger
36/1838,Yichen Zhang
136/5442,Shanshan Jia
230/4398,Yajing Zheng
166/0573,Zhaofei Yu
86/5857,Yonghong Tian 0001
h/TiejunHuang,Tiejun Huang
66/10525,Jian K. Liu
208/8007,Yassin Khalifa
241/9613,Justin Hawks
09/7822,Ervin Sejdic
205/2860,Haekyu Park
199/2689,Fred Hohman
10/2670,Duen Horng Chau
205/2594,Xuanqing Liu
242/7909,Tesi Xiao
03/7627,Si Si
152/6599,Qin Cao
66/6804,Sanjiv Kumar
14/2770,Cho-Jui Hsieh
244/9993,Guillaume Verdon
55/130,Michael Broughton
217/3528,Jarrod R. McClean
244/9498,Kevin J. Sung
147/5169,Ryan Babbush
180/0823,Zhang Jiang
60/7025,Hartmut Neven
132/9084,Masoud Mohseni
127/5754,Okyaz Eminaga
127/5234,Mahmoud Abbas
239/2003,Christian Kunder
247/9375,Andreas M. Loening
247/9642,Jeanne Shen
75/7457,James D. Brooks
228/1590,Zihan Pan
180/0351,Yansong Chua
228/1824,Jibin Wu
156/7882,Malu Zhang
36/4118,Haizhou Li 0001
24/3343,Eliathamby Ambikairajah
178/7315,Kaixiong Zhou
204/3393,Qingquan Song
25/692,Xiao Huang
24/7536,Xia Hu
230/4534,Jiaoyang Huang
249/2831,Horng-Tzer Yau
205/2610,Si-Baek Seong
37/1282,Hae-Jeong Park
151/9349,Cenk Baykal
205/2692,Lucas Liebenwein
129/1281,Igor Gilitschenski
84/6696,Dan Feldman
r/DanielaRus,Daniela Rus
136/9162,Colin White
120/7593,Willie Neiswanger
251/8428,Yash Savani
254/0954,Firat Tuna
199/2201,Mehmet Süzen
199/1993,Joan J. Cerdà
57/6298,Cornelius Weber
252/5501,Eirini Troullinou
80/5718,Grigorios Tsagkatakis
202/5754,Spyridon Chavlis
254/1907,Gergely Turi
136/0864,Wen-Ke Li
155/6805,Attila Losonczy
85/1289,Panagiotis Tsakalides
21/6891,Wei Wen
157/6334,Hanxiao Liu
30/5330,Hai Li
92/9726,Gabriel Bender
118/8180,Pieter-Jan Kindermans
239/8862,Jingyue Lu
45/2527,M. Pawan Kumar
13/2476,Roman Novak
222/3238,Lechao Xiao
209/4975,Jiri Hron
95/386,Jaehoon Lee
160/8158,Alexander A. Alemi
51/7117,Jascha Sohl-Dickstein
190/7108,Samuel S. Schoenholz
238/6322,Sebastian Hofstätter
200/5842,Markus Zlabinger
55/6683,Allan Hanbury
255/5831,Ryan Grgurich
49/5577,Hugh T. Blair
234/0656,Gabriel Ibagon
167/4756,Yunita Sari
32/11535-1,Salman Hameed Khan
40/7475,Hossein Rahmani
141/9937,Syed Afaq Ali Shah
00/3214,Mohammed Bennamoun
180/6084,Ganbayar Batchuluun
187/2928,Hyo Sik Yoon
192/6610,Jin Kyu Kang
98/5714,Kang Ryoung Park
235/6028,Gaobo Liang
207/7663,Huichao Hong
213/4743,Weifang Xie
12/10820,Lixin Zheng
04/10864,Fang Xin
218/1928,Songyuan Ni
91/1905,Hongliang Li
216/4782,Xuesheng Zhou
179/4338,Sudhir Nadiga
56/1520,Avichal Mehra
121/8101,Eric Bayler
35/837-22,Bin Liu 0022
200/8650,Lirong He
119/1901,Yingming Li
34/8938,Shandian Zhe
22/515,Milos Knezevic
225/4280,Meri Cvetkovska
222/7461,Tomás Hanák
228/6456,Luis Braganca
228/6328,Andrej Soltesz
222/7521,Huanyuan Zhou
31/7224,KongFatt Wong-Lin
73/10581,Da-Hui Wang
232/9472,Runfeng Tian
25/1439-2,Yuan Yang 0002
70/530,Frans C. T. van der Helm
71/8071,Julius P. A. Dewald
85/10721,Elizabeth Perez Reilly
85/7098,Jeffrey S. Garretson
129/9138,William R. Gray Roncal
131/6569,Dean M. Kleissas
139/3779,Brock A. Wester
154/6363,Mark A. Chevillet
177/9174,Matthew J. Roos
150/4174,Andreas Antoniades
02/3459,Loukianos Spyrou
180/6102,David Martín-Lopez
180/6034,Antonio Valentín
65/7490,Gonzalo Alarcón
24/856,Saeid Sanei
98/679,Clive Cheong Took
160/4542,Alberto Antonietti
229/8514,Jessica Monaco
88/5557,Egidio D'Angelo
56/1525,Alessandra Pedrocchi
145/2736,Claudia Casellato
94/11189,Piotr Duda
79/11187,Maciej Jaworski
184/4409,Jason Kamran Eshraghian
192/8101,Seungbum Baek
69/11313,Jun-Ho Kim
87/4344,Nicolangelo Iannella
21/3557,Kyoung-Rok Cho
156/1738,Yong-Sook Goo
42/5266,Herbert H. C. Iu
70/9913,Sung-Mo Steve Kang
184/4409,Kamran Eshraghian
153/6656,Alicia Fernández-Sotos
165/1014,Arturo Martínez-Rodrigo
13/878,José Moncho-Bogani
153/6627,José Miguel Latorre
f/AFdCaballero,Antonio Fernández-Caballero 0001
171/8768,Alice Geminiani
216/6132,Li-Yu Huang
51/1982,Hsiao-Ching She
71/2079,Tzyy-Ping Jung
65/2829,Zhan Li
30/3708,David Guiraud
90/1061,David Andreu
228/9504,Anthony Gelis
25/11048,Charles Fattal
28/1626,Mitsuhiro Hayashibe
64/6025-6,Wei Li 0006
143/0259,Mengfan Li
174/5725,Huihui Zhou
29/2868,Genshe Chen
00/34,Jing Jin
49/3543,Feng Duan
135/2815,Antonio Lozano
162/9553,Cristina Soto-Sánchez
79/5792,F. Javier Garrigós-Guerrero
21/5607,J. Javier Martínez
41/2868,José Manuel Ferrández
66/8108,Eduardo Fernández 0001
56/11155,Francisco Jesús Martínez-Murcia
g/JuanManuelGorriz,Juan Manuel Górriz
75/1365-1,Javier Ramírez Perez de Inestrosa
31/1885,Andrés Ortiz
64/8897,Marcos del Pozo-Baños
42/3570,Carlos M. Travieso
61/6223,Jesús B. Alonso
177/7435,Ann John
71/3314,Vitaly Schetinin
10/5495,Livia Jakaite
228/2632,Ndifreke Nyah
229/8455,Dusica Novakovic
42/6144,Wojtek J. Krzanowski
150/2824,Alessandra M. Soares
139/8714,Bruno J. T. Fernandes
72/164,Carmelo J. A. Bastos Filho
176/8857,Tingfang Wu
229/8400,Florin-Daniel Bîlbîe
93/263,Andrei Paun
88/1941,Linqiang Pan
94/1609,Ferrante Neri
60/3192,Francisco Zamora-Martínez
b/MariaJoseCastroBleda,María José Castro Bleda
215/7588,Yanbu Guo
182/1000,Bingyi Wang
74/637-6,Weihua Li 0006
44/1249,Bei Yang
160/5057,Sung-Yun Park
05/4118,Jihyun Cho
160/5157,Kyuseok Lee
54/10350,Euisik Yoon
142/6165,Kazuya Ishitsuka
95/10376,Toru Mogi
223/8813,Kotaro Sugano
223/8899,Yusuke Yamaya
223/8850,Toshihiro Uchida
223/8861,Tatsuya Kajiwara
211/0080,Zhuwei Qin
215/4440,Fuxun Yu
151/4584,Chenchen Liu
64/3062-10,Xiang Chen 0010
221/1285,B. Aalizadeh
200/1843,Alireza Asnafi
211/0630,Mohammad Abdolrazzaghi
218/7052,Soheil Hashemy
140/4274,Ali Abdolali
218/7043,Mohammad B. Abdulla
218/7482,Ana L. Costa
218/7411,Rita L. Sousa
43/8508,Manuel Acosta
46/10960,Stratis Kanarachos
172/9162,Vandana Agarwal
40/6440,Surekha Bhanot
152/5361,Shikha Agrawal
168/2063,Jitendra Agrawal
213/2732,Shilpy Kaur
122/1934,Sanjeev Kumar Sharma
202/9182,Bahadir Akbal
138/6274,Marat Akhmet
217/3963,Meltem Karacaören
219/0958,Mohammad Alauthaman
19/6782,Nauman Aslam
89/5992-13,Li Zhang 0013
97/9983,Rafe Alasem
38/4585,M. Alamgir Hossain
231/2398,Shima Amirsadri
202/8506,Seyed Jalaleddin Mousavirad
54/5792,Hossein Ebrahimpour-Komleh
92/9685,Sergio Orts-Escolano
12/3320,Gaurav Gupta
58/6493,A. Anitha
133/8519,D. P. Acharjya
22/6906,Sabri Arik
217/3939,Saber Khodaei Ashan
217/3934,Nasim Ziaeifar
217/3917,Rana Khalilnezhad
47/5,Mohammed Awad
225/8005,Ibrahim Qasrawi
34/3883,Arnulfo P. Azcarraga
21/1729,Rudy Setiono
07/5653,Suman Bhattacharya
65/1484,Samir Roy
213/2662,Sankhayan Chowdhury
32/8982,Ahmed Ghazi Blaiech
19/2522,Khaled Ben Khalifa
49/8978,Mohamed Boubaker
73/5060,Mohamed Hedi Bedoui
218/7516,Kien-Trinh Thi Bui
116/7714,Dieu Tien Bui
206/5806,Jingui Zou
218/7000,Chinh Van Doan
116/7776,Inge Revhaug
30/2702,Zhihua Chen
29/1005,Pan Zhang
82/1331,Xun Wang
92/5826,Xiaolong Shi
157/0251,Muthukumar Palanisamy
216/1176,Xiaotong Qin
153/0321,Deepa Das
68/3870,David W. Matolak
38/7799,Susmita Das
226/9804,Jacek Dawidowicz
216/0567,Feng-hui Dong
198/6148,Serhat Duman
213/2621,Nuran Yorukeren
97/7482,Ismail H. Altas
213/2692,Ashok Kumar Dwivedi
213/2748,Usha Chouhan
24/5125,Saied M. Abd El-atty
230/2305,Amina El-taweel
04/8069,S. El-Rabaie
75/7662,Jiqiang Feng
230/2117,Fengli Shi
62/6924,Xiaoyue Zhao
02/7072,Francisco Fernández-Navarro
214/1352,Maria Angeles de la Cruz
95/7770,Adiel Castaño
02/4420,Juan Carlos Fernández 0001
70/8228,Manuel Cruz-Ramírez
216/0611,Besufekad N. Fetene
216/1182,Rajkumar Shufen
128/8706,Uday S. Dixit
83/6345,Simone G. O. Fiori
223/2908,Nicola Fioranelli
12/6105,Fathi Fourati
228/7493,Amitava Ghatak
210/6526,P. S. Robi
183/5969,Ganesh Ghorai
44/1276,Madhumangal Pal
226/9645,A. Gitoee
226/9803,A. Faridi
226/9897,J. France
196/8065,Paula Gómez-Pérez
40/1226,Rafael F. S. Caldeirinha
22/5632,Telmo R. Fernandes
26/7279,Iñigo Cuiñas
213/2709,Francisco Gutiérrez-Reguera
213/2653,J. Marcos Jurado
213/2766,Rocío Montoya-Mayor
213/2741,Miguel Ternero-Rodríguez
225/7982,Ehsan Hajizadeh
57/4255,Masoud Mahootchi
60/2475,Yaoyao He
93/8538,Qifa Xu
216/6899,Jinhong Wan
44/2639,Shanlin Yang
226/6722,Haithem Hermessi
22/3520,Olfa Mourali
52/3525,Ezzeddine Zagrouba
209/7713,Khandaker M. A. Hossain
209/7524,Muhammed S. Anwar
217/4147,Shirin G. Samani
178/6963,Muhammad Javaid
04/9946,Chrisina Jayne
22/582,Lazaros S. Iliadis
70/4150,Long Jin
159/6717,Radisa Z. Jovanovic
54/2384,Ivana Bozic
172/0846,K. G. Kapanova
d/IvanTomovDimov,Ivan Tomov Dimov
117/3470,Jean Michel D. Sellier
161/3030,Hojat Karami
219/0569,Sohrab Karimi
171/5846,Hossein Bonakdari
81/11074,Shahaboddin Shamshirband
156/3189,Ali Kazemy
187/0138,Behrooz Keshtegar
186/1492,Salim Heddam
34/1780,Tianshu Li
74/2828,Shukai Duan
95/3736-41,Jun Liu 0041
03/2525,Lidan Wang
32/6740,Yawei Li
74/2853,Yanjun Li
33/5440,Ping Guo
02/6731,Yun He
131/7538,Xiaobo Nie
210/8903,Yushuai Li
87/10067,Bonan Huang
30/6033,Y. C. Lin
216/3623,Dongdong Chen 0009
217/4041,Ming-Song Chen
137/5191,Xiao-Min Chen
23/6950,Jia Li
59/5806-1,Zheng Yang 0001
11/10757,Wanping Liu
216/0728,Qiu-mei Liu
56/2203,Xin Gao
04/2330,Yibing Lv
66/3048,Zhongping Wan
21/9114,Zhihan Lv
127/9497,Jim Jingyan Wang
24/7032,Xiaonan Luo
148/5006,Hongwen Ma
09/2019,Yuechao Ma
157/4019,Yuqing Zheng
228/7512,Mojtaba Mamarabadi
77/9343,Abbas Rohani
214/1347,Iman Mansouri
201/5497,Aliakbar Gholampour
210/9171,Ozgur Kisi
201/5505,Togay Ozbakkaloglu
53/11234,Azam Marjani
56/7053,Saeed Shirazian
219/0877,Mehdi Asadollahzadeh
95/4832,Giovanni Luca Masala
73/9976,Filippo Casu
84/2863,Bruno Golosio
49/6348,Enrico Grosso
213/2664,V. M. S. R. Murthy
67/4375,Abhijeet Kumar
213/2750,Pritam Kumar Sinha
148/0135,Deepa Subramaniam Nachimuthu
216/6955,John Basha Rizwana
123/8054,Syed Rameez Naqvi
201/1079,Tallha Akram
201/1159,Sajjad Ali Haider
50/88,Muhammad Kamran
153/3203,Janmenjoy Nayak
153/3361,Bighnaraj Naik
172/5920,Himansu Sekhar Behera
119/4926,Varun Kumar Ojha
206/6499,Serena Schiano
135/2380,Chuan-Yu Wu
s/VaclavSnasel,Václav Snásel
219/0748,Gustavo Paneiro
76/1882,Fernando O. Durão
219/0906,Matilde Costa e Silva
219/0741,Paula Falcão Neves
216/0751,Jinshuan Peng
19/360,Lei Xu
148/0989,Yiming Shao
175/8874,Saibing Qiu
89/2647,Xin-Ge Liu
54/628,Feng-Xian Wang
175/8899,Yan-Jun Shu
181/0544,Thirunavukkarasu Radhika
181/0543,Gnaneswaran Nagamani
41/3944,S. Ramasamy
194/4330,Fiaz Hussain Shah
12/8605,Muhammad Tariq
85/7432,Iftikhar Ahmad
136/8469,Siraj-ul-Islam Ahmad
184/5639,Ariel Ruiz-Garcia
94/2061,Mark Elshaw
79/1387,Abdulrahman Altahhan
p/VasilePalade,Vasile Palade
171/2426,Deepti Moyi Sahoo
29/1997,Snehashish Chakraverty
77/5784,Zhengrong Xiang
136/9306,Fernando Schütz
02/6407,João Alberto Fabro
136/0133,Adriano F. Ronszcka
06/2485,Paulo Cézar Stadzisz
50/9089,Jean Marcelo Simão
28/2999,Xiaohui Yan
223/2864,Minoo Sharifipour
171/6007,Amir Hossein Zaji
20/6234,Vishal Sharma
30/5688-13,Rajesh Kumar 0013
201/9046,Xueying Shi
175/1354,Guangyong Chen
52/2889,Pheng-Ann Heng
136/2225,Yanchao Shi
97/8470,Peiyong Zhu
69/4822-2,K. Subramanian 0002
95/6619-2,Lin Sun 0002
32/687,Jiucheng Xu
150/4111,Shangwang Liu
146/2963,Shiguang Zhang
86/6196,Yuan Li
226/9813,Chang'an Shen
18/5837,Liang Sun
53/10780,Jianchun Xing
203/2469,Zhen-yu Wang
18/3246-4,Xun Zhang 0004
10/6178,Liang Liu
216/1232,Yu-shan Sun
72/3527,Qiang Zhang
218/7357,J. Thipcha
39/3957,Piyapong Niamsup
217/4072,Hieu Manh Tran
56/10766,Hieu Trinh
154/8446,Swati Tyagi
71/10021,Syed Abbas
76/9832,Mokhtar Kirane
229/4836,Deniz Ulkat
229/4674,M. Erdem Günay
226/9995,Mohammadreza Vafaei
226/9903,Sophia C. Alih
181/2812,Hao Wang
172/4958,Ching Man Lee
136/9458,Ruibin Feng
l/AndrewChiSingLeung,Chi Sing Leung
35/1916,Guijun Wang
217/4043,Chunfeng Suo
39/9266,Yanbin Wu
58/6810-55,Li Wang 0055
190/7297,Fan Cui
190/7786,Hongbin Zhai
190/7400,Baoming Dong
59/8206,Jingyan Wang
145/0096,Ke-rui Xia
64/3148,Haibo Gao
88/3340,Liang Ding
59/6097,Guangjun Liu
75/4895,Zongquan Deng
77/35-14,Zhen Liu 0014
221/1105,Changyou Ma
197/6628,Chunbao Xiong
197/6869,Huali Lu
97/3226,Jinsong Zhu
36/10382,Yanli Xu
14/10355,Neha Yadav
44/8462,Kevin Stanley McFall
58/1076,Manoj Kumar
32/283,Joong Hoon Kim
77/686,Mingming Yan
154/1964,Xiangyong Chen
05/3054,Xiao Chen
66/8492,Chengdong Yang
123/0988,Ancai Zhang
216/7005,Li-fen Yang
47/2929,Chong Liu
14/3107,Hao Long
161/2744,Rana Aamir Raza Ashfaq
38/5213,Yu-Lin He
07/4410,Yao Yao
143/6314,Dawen Xia
97/367,Burak Yilmaz
158/1808,Akif Durdu
216/7015,Ganime Dilek Emlik
12/8387,Zihong Yin
14/38,Dehui Kong
226/6694,Guoxia Shao
213/5060,Xinran Ning
44/283,Warren Jin 0001
221/1102,Xiaofen Zeng
38/1670,Weijie Zhang
202/8703,Dengfeng Wei
89/5992-25,Li Zhang 0025
22/9518,Fulin Wang
86/1262,Ting Sun
68/3832,Bing Xu
224/9815,Wenyu Chi
224/9995,Qiongya Wang
216/1026,Yan-tian Zhang
216/0842,Jun-yi Zhou
216/0617,Yan-zhao Xie
54/5985,Lili Zhao
20/8180,Mingwen Zheng
62/7833,Jinghua Xiao
89/1615,Fang Zhou
44/3992,Tin-Yu Wu
95/3736,Jun Liu
06/1909,Bing Wang
91/2882,Mohammad S. Obaidat
58/10320,Xianghui Zhou
181/2799,Jun Yang
43/3166,Zhi Li
210/8413,Rongxin Bao
24/6114,Xu Yuan
28/5916,Zhikui Chen
132/4655,Ruixin Ma
166/2976,Aritra Bhaduri
03/607,Amitava Banerjee
73/8829,Subhrajit Roy
51/10501,Sougata Kar
95/2418,Arindam Basu
220/8298,Matias Calderini
220/8076,Sophie Zhang
176/1624,Nareg Berberian
04/10257,Adam S. Charles
20/10800,Mijung Park
147/9048,J. Patrick Weller
16/11107,Gregory D. Horwitz
06/3460,Jonathan W. Pillow
09/9441,Yingyi Chen
229/9833,Qianqian Cheng
229/9628,Yanjun Cheng
54/4089,Hao Yang
131/6356,HuiHui Yu
167/6427,George Dimitriadis
180/0276-1,Joana P. Neto 0001
181/3964,Adam R. Kampff
31/11246,Diego Fasoli
146/2402,Anna Cattani
18/2874,Stefano Panzeri
140/4792,Ulisse Ferrari
221/2219,Stéphane Deny
164/5739,Dennis Forster
22/8697,Abdul-Saboor Sheikh
l/JLucke,Jörg Lücke
202/2108,Edward Paxon Frady
120/8238,Denis Kleyko
41/406,Friedrich T. Sommer
206/2207,Tingwei Gao
99/1019,Yueting Chai
125/2132,Çaglar Gülçehre
45/8542,Sarath Chandar
41/9736,Kyunghyun Cho
56/953,Yoshua Bengio
215/7405,N. F. Hardy
08/1761,Dean V. Buonomano
171/1222,Yazhou Hu
80/11163,Bailu Si
35/1495,Wentao Huang
77/6771,Kechen Zhang
159/9561,Gavin W. Jenkins
44/10840,Paul F. Tupper
231/8987,Sander W. Keemink
215/3637,Dharmesh Tailor
49/2394,Mark C. W. van Rossum
206/7949,Johannes Leugering
26/2257,Gordon Pipa
150/7004,Cunle Qian
231/8866,Xuyun Sun
116/8390,Dong Xing
06/7930,Hongbao Li
86/4183-1,Gang Pan 0001
00/4918-2,Yiwen Wang 0002
62/10432,Ian H. Stevenson
92/2376,Chien-Chih Wang
215/4915,Kent Loong Tan
27/6952,Chun-Ting Chen
39/6416,Yu-Hsiang Lin
35/6732,S. Sathiya Keerthi
08/8693,Dhruv Mahajan
86/2741,S. Sundararajan
61/1218,Chih-Jen Lin
27/10136,Qinglong Wang
174/4606,Kaixuan Zhang
160/1683,Alexander G. Ororbia II
40/6431,Xinyu Xing
207/7109,Xue Liu
g/CLeeGiles,C. Lee Giles
56/10453,Surya Ganguli
89/8483,Ildefons Magrans de Abril
70/6041,Junichiro Yoshimoto
00/100,Kenji Doya
88/1924,Gang Bao
30/6344,Matteo Beccaria
13/7690,Saikat Basu
15/3402,Supratik Mukhopadhyay
163/6877,Manohar Karki
163/6849,Robert DiBiano
39/8961,Sangram Ganguly
70/10416,Ramakrishna R. Nemani
116/5259,Shreekant Gayaka
133/9322,Shejin Thavalengal
77/3270,Wei Bian
34/6942,Litao Ma
207/7482,Mateusz Buda
36/5430,Atsuto Maki
19/294,Maciej A. Mazurowski
154/1930,Hangjun Che
74/8069,Peng Jiao
200/8944,Jing Pei
149/6993,Zhenzhi Wu
21/6802,Stefan Elfwing
37/6513,Eiji Uchibe
158/0513,Ömer Faruk Ertugrul
193/2295,Viola Folli
60/5787,Giorgio Gosti
193/2357,Marco Leonetti
53/11097,Giancarlo Ruocco
180/5272,Álvaro Arcos García
50/2970,Juan Antonio Álvarez
38/9055,Luis Miguel Soria-Morillo
38/11037,Thomas Gisiger
b/MounirBoukadoum,Mounir Boukadoum
175/1502,Namig J. Guliyev
19/5035,Vugar E. Ismailov
75/4947-1,He Huang 0001
55/6007,Xiaoping Chen
128/1882,Mahmoud Ismail
158/6716,Mina Attari
12/1731,Saeid R. Habibi
230/0644,Samir Ziada
216/6717,Feibo Jiang
85/5090,Li Dong
216/6592,Qianwei Dai
70/8849,Mohammad Ganjtabesh
65/5135,Simon J. Thorpe
36/8248,Sang-Yoon Kim
38/10578,Woochang Lim
195/2859,Eun-Hu Kim
29/11048,Kwang-Ki K. Kim
115/8918,Ernesto Rios-Patron
76/603,Richard D. Braatz
145/6178,Shruti R. Kulkarni
44/3232,Bipin Rajendran
27/4804,Maciej Kusy
24/3562,Weidong Zhang
84/5324,Jiarong Li
25/4656,Zhiyong Yu
92/2954,Feng Li
44/4805,Wang Xiang
43/8685,Jiaxu Wang
228/0463,Xueming Zhou
41/8685,Baoping Tang
228/1539,Zhengzhong Liang
74/7975,Gregory Ditzler
121/9270,Qingping Liu
38/123,Ziqian Liu
29/3547,Pingping Liu
67/5807,Fang Liu
94/7131,Guanghui Wen
80/1563,Hongjian Liu
51/3710-99,Yang Liu 0099
21/679,Donghua Zhou
03/1467-5,Dan Liu 0005
211/3333,Kaili Sun
182/6264,Ibai Laña
34/9720,Miren Nekane Bilbao
154/4024,Siqi Lv
54/476-4,Feng Qian 0004
168/9703,Raman Manivannan
42/3287,S. Panda
44/1231,Kil To Chong
226/6721,Saeed Montazeri Moghadam
98/7603,Seyyed Ali Seyyedsalehi
13/9220,M. J. Park
196/0333,J. H. Ryu
04/5106,Javier Pérez
189/2507,Juan A. Cabrera
132/8523,Juan Jesús Castillo Aguilar
217/3617,Juan M. Velasco
180/7135,Philipp Petersen
81/9894,Felix Voigtländer
207/4674,Anh Viet Phan
n/MinhLeNguyen,Minh Le Nguyen
230/0437,Yen Lam Hoang Nguyen
58/2848,Lam Thu Bui
220/8130,Alvin Poernomo
65/510,Dae-Ki Kang
144/6894,Calin-Adrian Popa
76/1130,Eva Kaslik
219/2960,A. Pratap
81/325,R. Raja
219/3132,Chandran Sowmiya
126/8343,Ovidiu Bagdasar
129/9411,Jianfeng Qu
43/3931,Dantong Ouyang
68/11145,Wen Hua
42/7943,Yuxin Ye
130/1013,Ximing Li
202/6378,K. Maheswari
71/2155,Franco Scarselli
03/4407,Ah Chung Tsoi
84/2010,Markus Hagenbuchner
230/0592,Andres Schmidt
230/0508,Whitney Creason
54/10418,Beverly E. Law
197/7720,Palanisamy Selvaraj
54/3026,Rathinasamy Sakthivel
205/2847,Atharva Sharma
89/3077,Xiuwen Liu
93/5681,Xiaojun Yang
51/595,Wenjie Si
131/9781,Xunde Dong
98/9818,Feifei Yang
04/6283,Andrea Soltoggio
s/KennethOStanley,Kenneth O. Stanley
81/7183,Sebastian Risi
187/4364,Nivethitha Somu
187/4694,M. R. Gauthama Raman
228/0529,V. Kalpana
92/10402,Kirthivasan Kannan
150/0591,V. S. Shankar Sriram
14/5202,Zhenhua Song
150/4295,Yan Liu
145/1939,Rong Song
226/6619,Zhenguang Chen
72/8516,Jianyong Yang
86/1927,Qing Jiang
211/3415,Qinqin Yu
50/2415,Yurong Liu
133/4302,T. A. Athul Sripad
31/8837,Giovanny Sánchez
184/7824,Mireya Zapata
209/8492,Vito Pirrone
53/7941,Taho Dorta
209/8244,Salvatore Cambria
209/8331,Albert Marti
209/8320,Karthikeyan Krishnamourthy
22/4341,Jordi Madrenas
217/2746,Tomoumi Takase
11/1423,Satoshi Oyama
09/4875,Masahito Kurihara
206/7050,Dat Thanh Tran
01/9539,Alexandros Iosifidis
08/6597,Moncef Gabbouj
45/6379,Edmondo Trentin
07/10875,Luca Lusnig
21/10875,Fabio Cavalli
194/2611,Nhan Duy Truong
86/5476,Anh Duy Nguyen
81/1684,Levin Kuhlmann
68/6739,Mohammad Reza Bonyadi
96/2976,Jiawei Yang
171/2514,Samuel J. Ippolito
41/9830,Omid Kavehei
198/9362,Kazutaka Uchida
97/1443-1,Masayuki Tanaka 0001
17/5585,Masatoshi Okutomi
43/4866,Fen Wang
82/9587,Yuanlong Chen
25/63,Meichun Liu
35/3903,Dongshu Wang
124/4834,Longkun Tang
220/7918,Jinsen Zhuang
l/DerongLiu,Derong Liu 0001
90/4225-15,Feng Wang 0015
40/2619,Haijun Liu
14/6145-3,Jian Cheng 0003
84/864,Nan Wang
72/6275,Xuechen Li
02/6428,Yun Zhang
88/5785,Hongyi Li
132/1478,Leimin Wang
119/5942,Ming-Feng Ge
05/3941,Junhao Hu
89/8625,Chihiro Watanabe
70/6592,Kaoru Hiramatsu
68/651,Kunio Kashino
67/1248,Xudong Xie
43/180-1,Zheng Yan 0001
45/1561-3,Zhijun Zhang 0003
17/1185,Zili Zhang
52/7699,Weibing Li
57/2281-2,Shuai Li 0002
142/3918,Bolin Liao
47/6529-4,Ke Chen 0004
49/687,Jiyang Chen
12/8416,Wengui Yang
68/6277,Wenwu Yu
51/5017,Tasawar Hayat
72/7503,Shuai Yang
03/8231-1,Juan Yu 0001
158/8667,Shiju Yang
150/4170,Henghui Zhu
44/2060,Ioannis Ch. Paschalidis
97/543,Michael E. Hasselmo
29/8346,Haitao Zhu
198/2940,Farouk Zouari
76/6623,Asier Ibeas
03/5885,Abdesselem Boulkroune
156/4383,Mohammad Mehdi Arefi
33/6533,Leonardo Aguayo
72/3054,Guilherme A. Barreto
223/2933,Milad I. Akhlaghi
223/3016,Sergey V. Sukhov
118/9950,Adnène Arbi
04/7100,Anna S. Bosman
54/4063,Andries Petrus Engelbrecht
137/1235,Mardé Helbig
61/3388,Rohitash Chandra
18/6404-1,Abhishek Gupta 0001
64/4136,Yew-Soon Ong
180/2692,Chi-Keong Goh
223/3013,Peiju Chang
149/5091,Junying Hu
217/7880,Fella Charif
217/7498,Abderrazak Benchabane
15/245,Abdelhak Bennia
75/4601,Tao Li
25/8458,Francesco Grasso
81/5260,Antonio Luchetta
57/0,Stefano Manetti
90/746,Qisheng Wang
